uid,receptor_chains,ligand_chains,dG,fold_id,cluster_id,source,Subgroup,fold_id_old,KD
1a22,B,A,-12.91,,,,,,3.405187457916308e-10
1b27,A,D,-19.09,,,,,,9.997453692757152e-15
1b6c,B,A,-8.94,,,,,,2.777384454502083e-07
1buh,A,B,-9.7,,,,,,7.696118090690178e-08
1dee,B,A,-8.72,,,,,,4.026969044437869e-07
1e6e,A,B,-8.27,,,,,,8.609870380422949e-07
1f47,B,A,-6.36,,,,,,2.166411973126981e-05
1gla,G,F,-9.2,,,,,,1.790435777406816e-07
1gua,A,B,-10.09,,,,,,3.9834176542341175e-08
1gxd,A,C,-11.3,,,,,,5.1626566698850425e-09
1h59,A,B,-10.13,,,,,,3.723238714844474e-08
1i8l,A,C,-9.13,,,,,,2.015092241991727e-07
1iar,B,A,-13.35,,,,,,1.6197815336632366e-10
1j2j,A,B,-7.98,,,,,,1.4049959991884488e-06
1ktz,B,A,-8.91,,,,,,2.921710772534149e-07
1kxq,A,H,-11.53,,,,,,3.5010411310045062e-09
1kxt,A,B,-9.04,,,,,,2.345841123874771e-07
1kxv,A,C,-11.53,,,,,,3.5010411310045062e-09
1l4d,A,B,-9.14,,,,,,1.981349960226726e-07
1lfd,B,A,-7.79,,,,,,1.936494005319898e-06
1lp1,A,B,-7.77,,,,,,2.003012400055578e-06
1lx5,A,B,-12.16,,,,,,1.2082910594341794e-09
1lzw,B,A,-8.84,,,,,,3.2883149372743394e-07
1m10,B,A,-11.23,,,,,,5.810445442851764e-09
1m5n,S,Q,-11.83,,,,,,2.1095265623850953e-09
1m9e,A,D,-5.7,,,,,,6.60340477878531e-05
1mq8,A,B,-7.53,,,,,,3.0039549111344034e-06
1mzw,A,B,-7.78,,,,,,1.969472392619159e-06
1ohz,A,B,-10.78,,,,,,1.2423036175202677e-08
1op9,B,A,-12.48,,,,,,7.038690453173264e-10
1pvh,A,B,-9.68,,,,,,7.960479054205976e-08
1r6q,A,C,-8.84,,,,,,3.2883149372743394e-07
1ri8,B,A,-11.64,,,,,,2.907542473061447e-09
1rjc,B,A,-13.79,,,,,,7.70498614018125e-11
1ry7,B,A,-9.05,,,,,,2.306560523945763e-07
1s0w,A,C,-9.24,,,,,,1.673492558782524e-07
1shy,B,A,-9.61,,,,,,8.959326990159503e-08
1shz,A,C,-7.53,,,,,,3.0039549111344034e-06
1sq0,B,A,-10.26,,,,,,2.9893877838254615e-08
1sv0,C,A,-10.85,,,,,,1.1038029906818154e-08
1syq,A,B,-10.68,,,,,,1.4708390606493089e-08
1t0p,A,B,-6.28,,,,,,2.4797675419955584e-05
1tdq,A,B,-10.8,,,,,,1.2010477359243812e-08
1u0s,Y,A,-9.05,,,,,,2.306560523945763e-07
1uad,A,C,-9.36,,,,,,1.3665291482840786e-07
1us7,A,B,-7.46,,,,,,3.380878729695144e-06
1usu,A,B,-7.47,,,,,,3.324266649943442e-06
1usv,A,B,-7.47,,,,,,3.324266649943442e-06
1vet,A,B,-10.76,,,,,,1.2849766349346054e-08
1vyt,A,E,-10.5,,,,,,1.9932991595123004e-08
1wqj,B,I,-8.27,,,,,,8.609870380422949e-07
1wrd,A,B,-4.62,,,,,,0.0004090834338839
1x1u,A,D,-10.74,,,,,,1.3291154666551744e-08
1x1w,A,D,-10.33,,,,,,2.656110092217771e-08
1x1x,A,D,-9.92,,,,,,5.307981886431127e-08
1x1y,A,D,-6.68,,,,,,1.2620058018164804e-05
1xqs,A,C,-7.07,,,,,,6.531989415264845e-06
1xxm,A,C,-8.94,,,,,,2.777384454502083e-07
1y6k,R,L,-12.27,,,,,,1.0034608117035556e-09
1y6m,R,L,-9.22,,,,,,1.7309768775082772e-07
1y8n,A,B,-8.09,,,,,,1.1668202084074815e-06
1ycs,B,A,-10.26,,,,,,2.9893877838254615e-08
1yd8,H,U,-5.1,,,,,,0.0001818831006366
1ydi,A,B,-11.93,,,,,,1.7817533881301675e-09
1yru,A,B,-12.27,,,,,,1.0034608117035556e-09
1z0k,A,B,-6.97,,,,,,7.733620863872807e-06
1zc3,A,D,-10.06,,,,,,4.190415285508253e-08
1zhi,A,B,-9.13,,,,,,2.015092241991727e-07
1zmy,A,L,-11.07,,,,,,7.612885108682318e-09
1zv5,L,A,-10.91,,,,,,9.974453808751744e-09
1zvh,L,A,-9.76,,,,,,6.954553942173195e-08
1zvy,B,A,-13.64,,,,,,9.926084527997668e-11
2a6d,H,L,-9.3,,,,,,1.5122421634820338e-07
2a6k,B,A,-9.11,,,,,,2.0843104790807097e-07
2a78,B,A,-9.85,,,,,,5.97400546556979e-08
2a9k,B,A,-9.85,,,,,,5.97400546556979e-08
2ajf,A,E,-10.91,,,,,,9.974453808751744e-09
2aq1,B,A,-11.26,,,,,,5.523421756326616e-09
2aq2,B,A,-10.85,,,,,,1.1038029906818154e-08
2arp,F,A,-8.68,,,,,,4.3083725791506585e-07
2b0z,A,B,-5.45,,,,,,0.0001007190062159
2b10,A,B,-6.82,,,,,,9.962973716716144e-06
2b11,A,B,-7.23,,,,,,4.985464457804071e-06
2b12,A,B,-6.41,,,,,,1.9910049729588863e-05
2be6,A,D,-11.7,,,,,,2.627384446260786e-09
2c0l,A,B,-9.49,,,,,,1.0971860401630097e-07
2c7m,B,A,-7.08,,,,,,6.422612671737699e-06
2c7n,B,A,-7.08,,,,,,6.422612671737699e-06
2ccl,A,B,-10.7,,,,,,1.4219937049110154e-08
2d10,A,E,-11.96,,,,,,1.6937385481373096e-09
2dsp,B,I,-7.53,,,,,,3.0039549111344034e-06
2dvw,A,B,-9.78,,,,,,6.723598924459264e-08
2dx5,A,B,-4.75,,,,,,0.0003284530253035
2efd,A,B,-11.09,,,,,,7.3600674542720605e-09
2efh,A,B,-10.15,,,,,,3.599593018730801e-08
2f31,A,B,-9.53,,,,,,1.0255227788579119e-07
2f4m,A,B,-9.8,,,,,,6.500313732970102e-08
2f9z,A,C,-8.24,,,,,,9.05728085279218e-07
2fdb,P,M,-9.29,,,,,,1.537995565052391e-07
2fju,B,A,-7.19,,,,,,5.333847399199849e-06
2g45,A,B,-7.57,,,,,,2.8077500763432324e-06
2gox,A,B,-12.4,,,,,,8.056785293122074e-10
2gww,A,B,-13.58,,,,,,1.0984503009228402e-10
2hle,A,B,-10.09,,,,,,3.9834176542341175e-08
2hqs,A,H,-10.32,,,,,,2.7013435022309218e-08
2hrk,A,B,-10.97,,,,,,9.013359233740436e-09
2hth,B,A,-5.43,,,,,,0.0001041786950115
2i25,L,N,-12.27,,,,,,1.0034608117035556e-09
2i26,L,N,-10.95,,,,,,9.32296731192576e-09
2i32,A,E,-8.03,,,,,,1.2912382575756648e-06
2i3s,A,B,-7.42,,,,,,3.617133643619944e-06
2i3t,A,B,-7.59,,,,,,2.714507005111046e-06
2i9b,E,A,-12.3,,,,,,9.538919749781336e-10
2ihs,A,C,-10.09,,,,,,3.9834176542341175e-08
2iy1,A,B,-8.32,,,,,,7.912758494964558e-07
2iyb,A,E,-7.42,,,,,,3.617133643619944e-06
2j12,A,B,-10.5,,,,,,1.9932991595123004e-08
2jki,A,S,-7.89,,,,,,1.63560621449175e-06
2noj,A,B,-10.75,,,,,,1.3068597169482669e-08
2o39,A,C,-10.75,,,,,,1.3068597169482669e-08
2omt,A,B,-9.54,,,,,,1.0083506227453717e-07
2omu,A,B,-12.57,,,,,,6.046279256347401e-10
2omv,A,B,-12.16,,,,,,1.2082910594341794e-09
2omw,A,B,-6.82,,,,,,9.962973716716144e-06
2omx,A,B,-9.44,,,,,,1.1938478338527046e-07
2omy,A,B,-9.13,,,,,,2.015092241991727e-07
2omz,A,B,-8.72,,,,,,4.026969044437869e-07
2ot8,A,C,-10.5,,,,,,1.9932991595123004e-08
2oza,B,A,-11.73,,,,,,2.4975972247642995e-09
2p1l,A,B,-7.69,,,,,,2.2927334216599213e-06
2p8q,A,B,-10.65,,,,,,1.5472709661052327e-08
2pcb,A,B,-6.82,,,,,,9.962973716716144e-06
2pkg,A,C,-8.15,,,,,,1.0543905361852215e-06
2pms,A,C,-10.89,,,,,,1.0317075399059094e-08
2ptt,B,A,-7.36,,,,,,4.0028286361107006e-06
2q5d,A,C,-10.65,,,,,,1.5472709661052327e-08
2qho,A,B,-5.76,,,,,,5.967129687318568e-05
2qna,A,B,-9.66,,,,,,8.23392079301751e-08
2qxv,A,B,-8.75,,,,,,3.828045310960746e-07
2rex,B,A,-7.17,,,,,,5.51706457714369e-06
2uyz,A,B,-9.66,,,,,,8.23392079301751e-08
2v4z,A,B,-8.05,,,,,,1.2483572968223238e-06
2v5q,A,D,-9.75,,,,,,7.072989616525166e-08
2v8s,E,V,-6.35,,,,,,2.2033058508788777e-05
2v9t,B,A,-11.03,,,,,,8.144871512179659e-09
2vay,A,B,-11.05,,,,,,7.874387026759807e-09
2vn5,A,B,-12.27,,,,,,1.0034608117035556e-09
2vog,A,B,-9.11,,,,,,2.0843104790807097e-07
2voh,A,B,-12.27,,,,,,1.0034608117035556e-09
2voi,A,B,-12.22,,,,,,1.0918654380895875e-09
2vsm,A,B,-10.17,,,,,,3.4800534945116476e-08
2w2x,A,D,-6.35,,,,,,2.2033058508788777e-05
2w80,D,A,-11.45,,,,,,4.007440998087352e-09
2w8b,A,H,-10.12,,,,,,3.7866452671025584e-08
2wd5,B,A,-10.44,,,,,,2.205844666564828e-08
2wfx,B,A,-10.71,,,,,,1.3981827292845348e-08
2wg3,C,A,-9.73,,,,,,7.315946173055103e-08
2wg4,B,A,-9.72,,,,,,7.440536337389604e-08
2wh6,A,B,-10.56,,,,,,1.8012336043135822e-08
2wjv,A,D,-9.13,,,,,,2.015092241991727e-07
2wo2,A,B,-6.77,,,,,,1.0840709009263238e-05
2wo3,A,B,-7.69,,,,,,2.2927334216599213e-06
2wp3,T,O,-8.32,,,,,,7.912758494964558e-07
2wus,A,R,-7.23,,,,,,4.985464457804071e-06
2wwk,T,O,-8.04,,,,,,1.2696167535050607e-06
2wwx,B,A,-9.68,,,,,,7.960479054205976e-08
2wy3,A,B,-9.79,,,,,,6.611013721332422e-08
2wy8,A,Q,-8.79,,,,,,3.578014594778486e-07
2xa0,A,C,-10.16,,,,,,3.5393186157301256e-08
2xbb,A,C,-6.76,,,,,,1.102532569246699e-05
2xgy,B,A,-6.17,,,,,,2.9859471496266892e-05
2xhe,A,B,-11.47,,,,,,3.874357177845737e-09
2xpx,A,B,-9.3,,,,,,1.5122421634820338e-07
2xqr,A,B,-10.24,,,,,,3.0920729850583325e-08
2xze,B,R,-9.47,,,,,,1.1348742818603985e-07
2y9m,A,B,-11.86,,,,,,2.005320422474886e-09
2z3q,A,B,-14.21,,,,,,3.7910085262467134e-11
2z58,A,B,-10.63,,,,,,1.6004195844865444e-08
2z8v,A,D,-11.34,,,,,,4.825455137583818e-09
2z8w,A,D,-11.36,,,,,,4.665205740419722e-09
2za4,A,B,-13.44,,,,,,1.3914024990809646e-10
3ajb,A,B,-10.08,,,,,,4.0512550396405135e-08
3au4,A,B,-8.56,,,,,,5.276162210462015e-07
3b08,A,B,-6.5,,,,,,1.7102857622981085e-05
3bdy,L,H,-8.89,,,,,,3.0220712745222757e-07
3bik,A,B,-6.95,,,,,,7.999270044270968e-06
3bx7,A,C,-10.97,,,,,,9.013359233740436e-09
3bzd,B,A,-5.48,,,,,,9.574370083679618e-05
3c66,A,C,-7.53,,,,,,3.0039549111344034e-06
3c9a,B,D,-11.06,,,,,,7.742532126896276e-09
3cqg,A,B,-11.45,,,,,,4.007440998087352e-09
3cx6,A,B,-7.25,,,,,,4.81990128269057e-06
3cx7,A,B,-8.57,,,,,,5.187814020620694e-07
3cx8,A,B,-8.82,,,,,,3.401268259315072e-07
3d1m,A,D,-7.59,,,,,,2.714507005111046e-06
3d5r,A,C,-10.53,,,,,,1.894834406897757e-08
3d5s,A,C,-10.34,,,,,,2.6116341058272472e-08
3dvm,A,B,-11.41,,,,,,4.28747991807168e-09
3dvu,A,C,-9.13,,,,,,2.015092241991727e-07
3dxc,A,B,-9.08,,,,,,2.19262132405348e-07
3dxd,A,B,-8.82,,,,,,3.401268259315072e-07
3dxe,A,B,-8.84,,,,,,3.2883149372743394e-07
3e2u,A,E,-7.69,,,,,,2.2927334216599213e-06
3eab,A,G,-6.71,,,,,,1.1996653907040884e-05
3eba,B,A,-11.76,,,,,,2.374221216856206e-09
3egg,A,C,-10.99,,,,,,8.714032985242024e-09
3fhc,A,B,-10.45,,,,,,2.168908276895892e-08
3fpu,A,B,-13.53,,,,,,1.1952234756438834e-10
3g3a,A,B,-8.68,,,,,,4.3083725791506585e-07
3g3b,A,B,-10.18,,,,,,3.421780754871191e-08
3g9v,A,B,-16.36,,,,,,1.0046170751646509e-12
3gb8,A,B,-7.07,,,,,,6.531989415264845e-06
3gc3,B,A,-7.74,,,,,,2.107098603967315e-06
3gj3,A,B,-5.88,,,,,,4.872598092246277e-05
3gj4,A,B,-7.06,,,,,,6.6432288387691466e-06
3gj5,A,B,-5.9,,,,,,4.710783116323321e-05
3gj6,A,B,-7.07,,,,,,6.531989415264845e-06
3gj7,A,B,-7.36,,,,,,4.0028286361107006e-06
3gj8,A,B,-7.53,,,,,,3.0039549111344034e-06
3gni,A,B,-10.8,,,,,,1.2010477359243812e-08
3gxu,A,B,-9.13,,,,,,2.015092241991727e-07
3h2u,B,A,-6.68,,,,,,1.2620058018164804e-05
3h2v,A,E,-6.35,,,,,,2.2033058508788777e-05
3h8k,A,B,-10.47,,,,,,2.0968806165059436e-08
3hct,B,A,-7.95,,,,,,1.4780063809827132e-06
3htu,A,B,-7.83,,,,,,1.8100109196452197e-06
3ia3,D,A,-9.59,,,,,,9.267079065642438e-08
3ixs,A,B,-9.61,,,,,,8.959326990159503e-08
3k1r,A,B,-12.27,,,,,,1.0034608117035556e-09
3k2m,D,A,-11.12,,,,,,6.996495725636749e-09
3kbt,A,D,-10.95,,,,,,9.32296731192576e-09
3knb,A,B,-8.22,,,,,,9.368397634637536e-07
3kw5,A,B,-8.75,,,,,,3.828045310960746e-07
3kz1,A,F,-9.49,,,,,,1.0971860401630097e-07
3l9j,T,C,-12.91,,,,,,3.405187457916308e-10
3lbx,B,A,-8.72,,,,,,4.026969044437869e-07
3m18,A,B,-13.29,,,,,,1.7924988529596507e-10
3m62,A,B,-9.76,,,,,,6.954553942173195e-08
3m63,A,B,-9.21,,,,,,1.760455319329278e-07
3ma2,D,C,-7.93,,,,,,1.5287757671011209e-06
3mc0,B,A,-9.41,,,,,,1.2558859365976154e-07
3mca,A,B,-8.74,,,,,,3.893236713834798e-07
3me2,R,A,-13.86,,,,,,6.845980825259288e-11
3mjh,A,B,-7.66,,,,,,2.4118749299379163e-06
3mzg,B,A,-3.14,,,,,,0.0049797264402731
3mzw,A,B,-14.53,,,,,,2.208386407666277e-11
3n06,B,A,-3.42,,,,,,0.0031035643302665
3n0p,B,A,-3.13,,,,,,0.0050645309099697
3ncb,B,A,-1.41,,,,,,0.0924575946265863
3ncc,B,A,-0.92,,,,,,0.2114929401481776
3nvn,B,A,-10.95,,,,,,9.32296731192576e-09
3o5t,A,B,-7.94,,,,,,1.503176749044235e-06
3o6b,A,B,-9.06,,,,,,2.267937669127921e-07
3oak,A,D,-9.23,,,,,,1.70199204579067e-07
3oed,A,C,-8.59,,,,,,5.015530982917399e-07
3oiq,A,B,-7.39,,,,,,3.8050973876264128e-06
3oky,A,B,-8.03,,,,,,1.2912382575756648e-06
3ol2,A,B,-7.17,,,,,,5.51706457714369e-06
3ona,A,B,-8.41,,,,,,6.797109187692996e-07
3oxu,B,F,-6.09,,,,,,3.4178424582240883e-05
3p71,T,C,-8.75,,,,,,3.828045310960746e-07
3p9w,B,A,-10.63,,,,,,1.6004195844865444e-08
3q3j,B,A,-7.03,,,,,,6.988443112792235e-06
3qbq,B,A,-9.05,,,,,,2.306560523945763e-07
3qbv,B,A,-8.62,,,,,,4.767774385465981e-07
3qc8,A,B,-6.75,,,,,,1.121308638771719e-05
3qht,C,A,-9.66,,,,,,8.23392079301751e-08
3qml,A,C,-10.75,,,,,,1.3068597169482669e-08
3qq8,A,B,-7.94,,,,,,1.503176749044235e-06
3qsk,B,A,-9.6,,,,,,9.111903840183589e-08
3qwq,A,B,-11.86,,,,,,2.005320422474886e-09
3r4d,B,A,-10.46,,,,,,2.1325903790466387e-08
3rbb,A,B,-10.79,,,,,,1.2215015133651665e-08
3rdz,A,C,-11.69,,,,,,2.672128660089911e-09
3rea,A,B,-9.2,,,,,,1.790435777406816e-07
3reb,A,B,-9.57,,,,,,9.58540239721058e-08
3rf3,A,C,-14.0,,,,,,5.404596946307826e-11
3rzw,A,D,-9.77,,,,,,6.838101447455253e-08
3sek,C,B,-12.12,,,,,,1.292726119980843e-09
3sf4,A,D,-11.75,,,,,,2.4146540746954327e-09
3sri,A,B,-9.25,,,,,,1.645470289492132e-07
3t04,D,A,-9.93,,,,,,5.219100883029291e-08
3t6g,A,B,-10.26,,,,,,2.9893877838254615e-08
3tac,A,B,-8.54,,,,,,5.457397907366243e-07
3tkl,B,A,-8.68,,,,,,4.3083725791506585e-07
3tu3,B,A,-9.88,,,,,,5.678902260675438e-08
3tz1,A,B,-9.34,,,,,,1.4134693014958394e-07
3u43,B,A,-20.45,,,,,,1.0057746709599801e-15
3u82,B,A,-10.59,,,,,,1.7122564829400236e-08
3ul4,A,B,-10.83,,,,,,1.1417185240337858e-08
3ux9,B,A,-12.44,,,,,,7.530552285587394e-10
3uyo,A,D,-7.05,,,,,,6.756362663589007e-06
3v4y,A,B,-10.57,,,,,,1.7710723389705804e-08
3v6b,R,A,-8.94,,,,,,2.777384454502083e-07
3vpj,E,A,-11.67,,,,,,2.7639160389860427e-09
3vux,A,G,-6.88,,,,,,9.002985312968705e-06
3vv2,A,B,-14.02,,,,,,5.2251147259023095e-11
3vyr,B,A,-9.35,,,,,,1.38980106515242e-07
3w8h,A,B,-9.25,,,,,,1.645470289492132e-07
3w8i,A,B,-11.82,,,,,,2.145451684694436e-09
3wdg,A,B,-12.17,,,,,,1.1880584881741854e-09
3wn7,A,B,-11.09,,,,,,7.3600674542720605e-09
3wo3,B,A,-9.76,,,,,,6.954553942173195e-08
3wqb,A,B,-11.92,,,,,,1.8120965511578406e-09
3wrx,C,A,-7.74,,,,,,2.107098603967315e-06
3wry,C,A,-8.87,,,,,,3.125879150718023e-07
3wwn,A,B,-7.06,,,,,,6.6432288387691466e-06
3zet,B,A,-8.91,,,,,,2.921710772534149e-07
3zkq,A,D,-12.16,,,,,,1.2082910594341794e-09
3zu7,A,B,-11.15,,,,,,6.650883669610932e-09
3zwl,B,E,-9.27,,,,,,1.5908255742426234e-07
3zwz,A,B,-10.49,,,,,,2.0272449354894565e-08
3zyi,A,B,-11.09,,,,,,7.3600674542720605e-09
3zyj,A,B,-11.05,,,,,,7.874387026759807e-09
4afq,A,C,-11.75,,,,,,2.4146540746954327e-09
4afz,A,C,-12.33,,,,,,9.067717336992477e-10
4ag2,A,C,-11.19,,,,,,6.216477837894075e-09
4ap2,B,A,-10.5,,,,,,1.9932991595123004e-08
4apf,B,A,-8.44,,,,,,6.461346403935047e-07
4apx,B,A,-7.55,,,,,,2.904196038677359e-06
4aqe,B,A,-7.66,,,,,,2.4118749299379163e-06
4awx,A,B,-8.59,,,,,,5.015530982917399e-07
4ayd,D,A,-8.3,,,,,,8.184561036862542e-07
4aye,D,A,-7.47,,,,,,3.324266649943442e-06
4ayi,D,A,-11.86,,,,,,2.005320422474886e-09
4b93,B,A,-7.69,,,,,,2.2927334216599213e-06
4bfi,B,A,-8.48,,,,,,6.039320294617096e-07
4bru,A,B,-9.13,,,,,,2.015092241991727e-07
4brw,A,B,-9.96,,,,,,4.9612883640877835e-08
4bwq,E,F,-6.42,,,,,,1.9576660272803033e-05
4c4k,T,O,-7.59,,,,,,2.714507005111046e-06
4c4p,A,B,-9.0,,,,,,2.5097678828958594e-07
4c5g,A,B,-8.16,,,,,,1.036734995748449e-06
4c7n,B,A,-12.27,,,,,,1.0034608117035556e-09
4c9b,A,B,-10.29,,,,,,2.8417183649132852e-08
4cdk,A,E,-7.8,,,,,,1.9040678339506136e-06
4cj0,A,B,-9.56,,,,,,9.748641277272225e-08
4cj1,A,B,-9.98,,,,,,4.796528057166699e-08
4cj2,B,C,-10.85,,,,,,1.1038029906818154e-08
4ct0,A,B,-10.3,,,,,,2.7941344083243164e-08
4cu4,A,B,-8.07,,,,,,1.2069003775147422e-06
4cvw,A,C,-14.35,,,,,,2.992832382583249e-11
4d0g,A,C,-7.83,,,,,,1.8100109196452197e-06
4d0n,B,A,-6.47,,,,,,1.7991604755035594e-05
4dbg,B,A,-8.57,,,,,,5.187814020620694e-07
4dge,A,C,-6.02,,,,,,3.846699171691321e-05
4dh2,A,B,-10.21,,,,,,3.2527520398778755e-08
4did,A,B,-7.12,,,,,,6.0031164757345105e-06
4dj9,A,B,-9.55,,,,,,9.914660106558694e-08
4ds8,B,A,-6.97,,,,,,7.733620863872807e-06
4dx8,A,J,-8.05,,,,,,1.2483572968223238e-06
4dxa,B,A,-7.83,,,,,,1.8100109196452197e-06
4ehq,A,G,-8.03,,,,,,1.2912382575756648e-06
4eig,A,B,-12.27,,,,,,1.0034608117035556e-09
4eiz,A,D,-11.62,,,,,,3.0074162952383083e-09
4eqa,C,A,-11.75,,,,,,2.4146540746954327e-09
4euk,B,A,-7.35,,,,,,4.070996589479837e-06
4exp,X,A,-8.59,,,,,,5.015530982917399e-07
4f0a,B,A,-7.66,,,,,,2.4118749299379163e-06
4f38,B,A,-11.64,,,,,,2.907542473061447e-09
4fq0,B,C,-8.26,,,,,,8.756496003441672e-07
4g01,A,B,-7.46,,,,,,3.380878729695144e-06
4g0n,A,B,-9.68,,,,,,7.960479054205976e-08
4g2v,A,B,-9.49,,,,,,1.0971860401630097e-07
4g59,C,A,-8.7,,,,,,4.165295068556929e-07
4geh,A,B,-10.82,,,,,,1.16116192823173e-08
4gh7,B,A,-11.23,,,,,,5.810445442851764e-09
4giq,R,A,-7.74,,,,,,2.107098603967315e-06
4gla,A,D,-6.07,,,,,,3.535245038947781e-05
4glv,A,B,-11.64,,,,,,2.907542473061447e-09
4gn3,A,B,-7.28,,,,,,4.5818083776884024e-06
4gn4,A,B,-9.0,,,,,,2.5097678828958594e-07
4gn5,D,A,-10.24,,,,,,3.0920729850583325e-08
4h5s,B,A,-6.69,,,,,,1.2408737888661093e-05
4h6j,B,A,-9.16,,,,,,1.915550957304813e-07
4hcn,A,B,-5.42,,,,,,0.0001059528525059
4hcp,A,B,-6.85,,,,,,9.47082393697025e-06
4hdo,A,B,-8.79,,,,,,3.578014594778486e-07
4hep,A,G,-8.89,,,,,,3.0220712745222757e-07
4hgk,A,D,-13.26,,,,,,1.8856457556525827e-10
4hgm,B,A,-10.63,,,,,,1.6004195844865444e-08
4i0c,A,D,-8.64,,,,,,4.609440518649027e-07
4ika,A,D,-5.78,,,,,,5.768966217152802e-05
4iop,B,A,-12.51,,,,,,6.690994067061496e-10
4iu3,B,A,-10.47,,,,,,2.0968806165059436e-08
4j2l,A,C,-9.62,,,,,,8.80930500633809e-08
4j32,A,B,-12.13,,,,,,1.2710797019775335e-09
4je4,A,B,-10.71,,,,,,1.3981827292845348e-08
4jeg,A,B,-10.8,,,,,,1.2010477359243812e-08
4jeh,A,B,-11.03,,,,,,8.144871512179659e-09
4jeu,A,B,-12.07,,,,,,1.4066149418695176e-09
4js0,A,B,-7.23,,,,,,4.985464457804071e-06
4jw2,B,A,-11.5,,,,,,3.682972147035661e-09
4jw3,A,C,-7.96,,,,,,1.4532574852655151e-06
4k1r,A,B,-6.81,,,,,,1.013264261575723e-05
4k5a,A,B,-10.89,,,,,,1.0317075399059094e-08
4k5b,A,D,-12.53,,,,,,6.468791656075652e-10
4k81,A,B,-7.42,,,,,,3.617133643619944e-06
4kbb,A,C,-9.2,,,,,,1.790435777406816e-07
4kdi,A,C,-8.38,,,,,,7.15031982827661e-07
4kr0,A,B,-10.6,,,,,,1.6835851201620068e-08
4krl,A,B,-9.99,,,,,,4.7162112370102766e-08
4kt1,A,E,-9.88,,,,,,5.678902260675438e-08
4lqw,A,D,-5.49,,,,,,9.414049336890084e-05
4lyl,A,B,-10.24,,,,,,3.0920729850583325e-08
4lzx,A,B,-11.31,,,,,,5.076209105658879e-09
4m1l,A,B,-9.2,,,,,,1.790435777406816e-07
4m5f,A,B,-14.82,,,,,,1.3533078194441268e-11
4m6b,A,C,-11.11,,,,,,7.115645666273685e-09
4m76,A,B,-8.65,,,,,,4.532256438675826e-07
4mi8,A,C,-7.99,,,,,,1.3814696464511385e-06
4mit,A,E,-9.2,,,,,,1.790435777406816e-07
4mjs,A,B,-10.45,,,,,,2.168908276895892e-08
4ml7,A,B,-13.05,,,,,,2.688243833338981e-10
4mp0,A,B,-10.99,,,,,,8.714032985242024e-09
4mqv,A,B,-7.55,,,,,,2.904196038677359e-06
4mrt,A,C,-8.23,,,,,,9.211525851754752e-07
4msm,A,B,-7.53,,,,,,3.0039549111344034e-06
4myw,B,A,-10.53,,,,,,1.894834406897757e-08
4ne9,A,P,-8.09,,,,,,1.1668202084074815e-06
4niq,A,C,-7.23,,,,,,4.985464457804071e-06
4nl9,A,C,-9.0,,,,,,2.5097678828958594e-07
4nqw,A,B,-8.7,,,,,,4.165295068556929e-07
4ofy,D,A,-8.48,,,,,,6.039320294617096e-07
4ojk,A,C,-6.35,,,,,,2.2033058508788777e-05
4ons,A,B,-10.64,,,,,,1.573620906273881e-08
4p3y,A,B,-9.32,,,,,,1.4620218447442938e-07
4p5t,B,A,-7.23,,,,,,4.985464457804071e-06
4pas,B,A,-9.41,,,,,,1.2558859365976154e-07
4pbv,A,C,-7.66,,,,,,2.4118749299379163e-06
4pbw,B,E,-8.53,,,,,,5.550337096096439e-07
4pbz,A,B,-9.96,,,,,,4.9612883640877835e-08
4pc0,A,C,-9.13,,,,,,2.015092241991727e-07
4pgj,B,A,-10.34,,,,,,2.6116341058272472e-08
4pj2,D,A,-14.08,,,,,,4.721645612388512e-11
4pou,B,A,-9.28,,,,,,1.5641875456469656e-07
4pvz,A,C,-10.31,,,,,,2.7473472347496834e-08
4pw9,A,B,-6.64,,,,,,1.3501944343935582e-05
4qlp,B,A,-13.14,,,,,,2.3092183174774418e-10
4qxa,A,B,-8.86,,,,,,3.179112702177453e-07
4qzv,A,B,-6.06,,,,,,3.5954500691580226e-05
4re1,A,D,-8.07,,,,,,1.2069003775147422e-06
4rey,A,B,-9.5,,,,,,1.0788138983104793e-07
4rjf,A,B,-9.0,,,,,,2.5097678828958594e-07
4rt6,A,B,-10.74,,,,,,1.3291154666551744e-08
4s0s,A,D,-10.83,,,,,,1.1417185240337858e-08
4tq0,A,B,-7.04,,,,,,6.871423151275514e-06
4tq1,A,B,-4.71,,,,,,0.0003514052360823
4u0q,A,B,-8.12,,,,,,1.109181763812641e-06
4u2x,A,D,-12.27,,,,,,1.0034608117035556e-09
4u4c,A,B,-8.87,,,,,,3.125879150718023e-07
4udm,B,A,-11.45,,,,,,4.007440998087352e-09
4uem,A,B,-11.17,,,,,,6.430013291941781e-09
4uf1,A,B,-7.03,,,,,,6.988443112792235e-06
4ui1,A,D,-9.42,,,,,,1.2348563994606485e-07
4uwx,A,C,-7.04,,,,,,6.871423151275514e-06
4uyq,A,B,-14.8,,,,,,1.3997938212005826e-11
4v0n,D,C,-8.81,,,,,,3.459191672274906e-07
4wem,A,B,-7.05,,,,,,6.756362663589007e-06
4wen,A,B,-9.54,,,,,,1.0083506227453717e-07
4weu,B,D,-7.15,,,,,,5.706575248654422e-06
4wnd,A,B,-10.2,,,,,,3.3081462297203935e-08
4wnn,B,A,-8.31,,,,,,8.047512340592589e-07
4wwi,D,A,-10.66,,,,,,1.5213622499595516e-08
4x7s,H,L,-10.91,,,,,,9.974453808751744e-09
4xhu,C,D,-10.34,,,,,,2.6116341058272472e-08
4xkl,A,B,-6.01,,,,,,3.912208248796281e-05
4xoi,B,A,-7.0,,,,,,7.351596388749743e-06
4xwj,A,B,-11.39,,,,,,4.434754467245655e-09
4xxw,B,C,-7.21,,,,,,5.156714713076682e-06
4y5o,B,A,-7.98,,,,,,1.4049959991884488e-06
4y61,A,B,-8.79,,,,,,3.578014594778486e-07
4yc7,B,A,-7.8,,,,,,1.9040678339506136e-06
4yeb,B,A,-10.59,,,,,,1.7122564829400236e-08
4yfd,A,B,-8.41,,,,,,6.797109187692996e-07
4yiq,B,A,-7.77,,,,,,2.003012400055578e-06
4yiz,A,B,-11.04,,,,,,8.008487408377018e-09
4yl8,A,B,-7.18,,,,,,5.424682529514104e-06
4yoc,A,C,-8.48,,,,,,6.039320294617096e-07
4yvq,C,A,-7.76,,,,,,2.037123591989451e-06
4yyp,A,B,-8.94,,,,,,2.777384454502083e-07
4z80,A,C,-10.8,,,,,,1.2010477359243812e-08
4z9k,A,B,-11.81,,,,,,2.1819886098774412e-09
4zgq,A,B,-7.64,,,,,,2.4947226166345796e-06
4zlt,B,F,-12.07,,,,,,1.4066149418695176e-09
4zrj,A,B,-7.55,,,,,,2.904196038677359e-06
4zrk,A,E,-8.18,,,,,,1.0023058790432444e-06
5abv,A,B,-12.66,,,,,,5.193791812403931e-10
5ajj,A,B,-7.49,,,,,,3.213870488031778e-06
5ayr,A,B,-11.87,,,,,,1.9717417677045323e-09
5ays,A,C,-12.67,,,,,,5.106822896981145e-10
5b64,A,B,-9.76,,,,,,6.954553942173195e-08
5bn5,A,B,-6.76,,,,,,1.102532569246699e-05
5bnq,R,A,-13.37,,,,,,1.5659899208710307e-10
5c4v,A,B,-8.12,,,,,,1.109181763812641e-06
5d5m,A,B,-8.39,,,,,,7.030589276330704e-07
5d7l,A,B,-6.79,,,,,,1.0480697977343113e-05
5dfw,H,A,-12.68,,,,,,5.021310257151031e-10
5dmj,A,B,-11.28,,,,,,5.339993461689608e-09
5dob,A,B,-8.18,,,,,,1.0023058790432444e-06
5e6p,A,B,-7.77,,,,,,2.003012400055578e-06
5eb1,A,B,-9.35,,,,,,1.38980106515242e-07
5elu,A,B,-8.7,,,,,,4.165295068556929e-07
5eo9,B,A,-8.77,,,,,,3.7009190739721524e-07
5ep6,B,A,-8.38,,,,,,7.15031982827661e-07
5eql,A,B,-9.77,,,,,,6.838101447455253e-08
5et1,A,C,-9.5,,,,,,1.0788138983104793e-07
5f3x,A,B,-11.62,,,,,,3.0074162952383083e-09
5f5s,A,B,-10.58,,,,,,1.7414161174624883e-08
5gjk,A,B,-9.44,,,,,,1.1938478338527046e-07
5gtb,A,B,-5.91,,,,,,4.631902076571174e-05
5h3j,A,B,-8.96,,,,,,2.685149800601686e-07
5imk,B,A,-8.28,,,,,,8.465699971603738e-07
5imm,B,A,-11.53,,,,,,3.5010411310045062e-09
5ius,C,A,-13.49,,,,,,1.2787453768818495e-10
5jjd,B,A,-6.87,,,,,,9.15630566184922e-06
5jke,A,B,-9.6,,,,,,9.111903840183589e-08
5jlv,A,C,-10.67,,,,,,1.4958873696364395e-08
5jmc,A,B,-9.63,,,,,,8.661795108039888e-08
5jyl,B,A,-10.99,,,,,,8.714032985242024e-09
5jze,A,B,-6.99,,,,,,7.476793674313254e-06
5k22,A,B,-10.37,,,,,,2.4826249177569112e-08
5k39,A,B,-10.61,,,,,,1.6553938531241665e-08
5lxq,B,A,-8.45,,,,,,6.353152562283729e-07
5lz3,A,B,-6.44,,,,,,1.8926535482963213e-05
5lz6,A,B,-6.95,,,,,,7.999270044270968e-06
5m2o,A,B,-11.01,,,,,,8.424647115321308e-09
5m72,A,B,-10.2,,,,,,3.3081462297203935e-08
5ml9,A,B,-9.09,,,,,,2.155906356381809e-07
5mn2,A,D,-7.62,,,,,,2.5804161139102993e-06
5mv8,A,B,-7.98,,,,,,1.4049959991884488e-06
5my6,A,B,-11.45,,,,,,4.007440998087352e-09
5n88,H,E,-8.18,,,,,,1.0023058790432444e-06
5npo,A,B,-8.21,,,,,,9.527940935427434e-07
5nus,A,B,-10.85,,,,,,1.1038029906818154e-08
5nvk,A,B,-12.81,,,,,,4.0316092228192645e-10
5nvl,A,B,-12.98,,,,,,3.0255535336706216e-10
5nvm,A,B,-10.71,,,,,,1.3981827292845348e-08
5odw,A,C,-13.12,,,,,,2.388539758778506e-10
5oen,B,A,-10.91,,,,,,9.974453808751744e-09
5omn,B,C,-10.94,,,,,,9.48173693679753e-09
5ovw,A,H,-12.31,,,,,,9.37919261113049e-10
5tzn,F,A,-7.14,,,,,,5.8037579139172735e-06
5tzp,A,B,-10.26,,,,,,2.9893877838254615e-08
5tzq,A,D,-10.63,,,,,,1.6004195844865444e-08
5un7,A,B,-9.44,,,,,,1.1938478338527046e-07
5v52,D,A,-7.41,,,,,,3.678733232301748e-06
5vt9,A,C,-10.91,,,,,,9.974453808751744e-09
5wb8,A,C,-7.57,,,,,,2.8077500763432324e-06
5wos,A,B,-8.8,,,,,,3.518101517798448e-07
5xqz,A,C,-6.7,,,,,,1.220095626881157e-05
6aaf,A,B,-9.26,,,,,,1.6179172470124969e-07
6akm,A,B,-7.04,,,,,,6.871423151275514e-06
6amb,A,B,-6.48,,,,,,1.7690339242520443e-05
6arq,D,A,-6.81,,,,,,1.013264261575723e-05
6aw2,B,A,-9.88,,,,,,5.678902260675438e-08
6bxa,A,C,-10.09,,,,,,3.9834176542341175e-08
6bxc,A,D,-10.75,,,,,,1.3068597169482669e-08
6ch2,A,D,-6.19,,,,,,2.886786300121591e-05
6ch3,A,B,-6.82,,,,,,9.962973716716144e-06
6f3z,A,B,-8.72,,,,,,4.026969044437869e-07
6fc3,A,B,-10.5,,,,,,1.9932991595123004e-08
6ff3,A,B,-10.73,,,,,,1.3517502305658204e-08
6fg8,B,A,-8.19,,,,,,9.855224848736723e-07
6fuz,A,N,-6.85,,,,,,9.47082393697025e-06
6gbg,A,D,-8.7,,,,,,4.165295068556929e-07
6gbh,A,B,-9.76,,,,,,6.954553942173195e-08
6h16,A,B,-10.22,,,,,,3.1982854137085654e-08
6i2m,B,A,-11.28,,,,,,5.339993461689608e-09
6idx,A,C,-7.46,,,,,,3.380878729695144e-06
6isc,A,B,-7.66,,,,,,2.4118749299379163e-06
6iw8,C,A,-8.85,,,,,,3.233252818115018e-07
6j56,A,C,-8.42,,,,,,6.683293071180174e-07
6j9h,B,A,-10.06,,,,,,4.190415285508253e-08
6jb2,B,A,-8.9,,,,,,2.971467347647913e-07
6jb8,B,A,-13.48,,,,,,1.3005223409107092e-10
6jhw,B,A,-10.56,,,,,,1.8012336043135822e-08
6kbm,A,B,-8.48,,,,,,6.039320294617096e-07
6kbr,A,C,-15.07,,,,,,8.872644456918079e-12
6p7s,A,B,-13.12,,,,,,2.388539758778506e-10
6p7y,A,B,-12.62,,,,,,5.556732614392855e-10
6qb3,X,A,-7.67,,,,,,2.371488608273818e-06
6s29,A,B,-11.06,,,,,,7.742532126896276e-09
6sak,A,C,-10.24,,,,,,3.0920729850583325e-08
7sq2,B,A,-9.13,,,,,,2.015092241991727e-07
4kjy,A,B,-14.165620903746431,0.0,2574.0,PDBbind v2020,,7.0,4.0860270623838495e-11
6mkz,A,D,-13.231054638768168,0.0,1656.0,PDBbind v2020,,9.0,1.9801034692314815e-10
5w1m,T,CD,-10.62390864973722,0.0,1826.0,SAbDab,Antibody-Antigen,9.0,1.6169667720886572e-08
5inb,A,B,-9.426551787328371,0.0,1299.0,PDBbind v2020,,8.0,1.221269597821611e-07
2p49,A,B,-10.419910186571592,0.0,506.0,SAbDab,Antibody-Antigen,1.0,2.2819612973953675e-08
2ybr,AB,C,-13.202148809218617,0.0,831.0,PDBbind v2020,,9.0,2.0791540566673856e-10
1j7v,R,L,-14.263680261161344,0.0,200.0,PDBbind v2020,,9.0,3.462478223634818e-11
2lox,A,B,-9.168930134505032,0.0,789.0,PDBbind v2020,,7.0,1.8868813009607145e-07
1bvk,C,AB,-10.714025204673744,0.0,2470.0,SAbDab,Antibody-Antigen,7.0,1.3887112465010151e-08
1pjm,B,A,-9.200962367002328,0.0,563.0,PDBbind v2020,,0.0,1.7875284907290137e-07
3r85,A,E,-5.98059426719445,0.0,1007.0,PDBbind v2020,,2.0,4.11137760370639e-05
3kz0,A,C,-8.954197261994379,0.0,1159.0,PDBbind v2020,,5.0,2.711590457155009e-07
1t63,A,B,-6.580636922820865,0.0,408.0,PDBbind v2020,,4.0,1.4925595024218987e-05
3di3,A,B,-10.473806597034622,0.0,1313.0,PDBbind v2020,,5.0,2.08344502612163e-08
3rt0,A,C,-8.077009868549451,0.0,2340.0,PDBbind v2020,,8.0,1.1926982099696145e-06
4ffz,X,YZ,-8.704648509028717,0.0,1713.0,SAbDab,Antibody-Antigen,1.0,4.1327266069462817e-07
2m49,A,B,-6.820855530459986,0.0,787.0,PDBbind v2020,,2.0,9.948590632812065e-06
4hkx,E,AB,-8.790305944850525,0.0,1328.0,SAbDab,Antibody-Antigen,1.0,3.576166542292914e-07
1p2c,C,AB,-13.653680194947308,0.0,1749.0,SAbDab,Antibody-Antigen,9.0,9.699408920005135e-11
1b3s,D,A,-13.548693878481874,0.0,34.0,SKEMPI v2.0,,2.0,1.1580825274975448e-10
5zxv,B,CD,-9.876022468427312,0.0,1349.0,SAbDab,Antibody-Antigen,0.0,5.717174033689302e-08
4y8d,A,C,-10.982409539350494,0.0,2388.0,SAbDab,Antibody-Antigen,7.0,8.826445549827521e-09
5tz2,C,HL,-12.21039815040233,0.0,2567.0,SAbDab,Antibody-Antigen,8.0,1.1097134922787475e-09
5tru,C,HL,-10.87884731852712,0.0,1568.0,SAbDab,Antibody-Antigen,1.0,1.0513218524720013e-08
4m0w,A,B,-7.058119259236868,0.0,2422.0,PDBbind v2020,,3.0,6.664360770694248e-06
5ikc,M,AB,-10.324914865455204,0.0,1293.0,SAbDab,Antibody-Antigen,9.0,2.6790164338800698e-08
2mv7,A,B,-12.014084957877197,0.0,1023.0,PDBbind v2020,,1.0,1.5459016733437895e-09
5jds,A,B,-11.626664925037051,0.0,1305.0,SAbDab,Antibody-Antigen,6.0,2.9737582883361422e-09
1ozs,A,B,-6.1505541050908485,0.0,350.0,PDBbind v2020,,1.0,3.085625615997047e-05
5v5i,A,B,-8.64123138593321,0.0,2677.0,PDBbind v2020,,5.0,4.599865664326779e-07
6f0f,A,B,-9.200962367002328,0.0,694.0,PDBbind v2020,,3.0,1.7875284907290137e-07
6ov2,A,B,-11.521948733725615,0.0,2039.0,PDBbind v2020,,6.0,3.548965705942848e-09
2jix,E,HL,-10.262493818945051,0.0,2013.0,SAbDab,Antibody-Antigen,6.0,2.9768253359718108e-08
6k06,A,C,-9.063517555239486,0.0,978.0,PDBbind v2020,,2.0,2.254506183113496e-07
5kw9,A,HL,-10.4880832392711,0.0,1431.0,SAbDab,Antibody-Antigen,0.0,2.0338172508594612e-08
2p42,C,D,-10.419910186571592,0.0,505.0,SAbDab,Antibody-Antigen,0.0,2.2819612973953675e-08
3ddc,A,B,-8.339872709545139,0.0,538.0,PDBbind v2020,,9.0,7.651626830960057e-07
1kne,P,A,-6.506483770485678,0.0,234.0,SKEMPI v2.0,,6.0,1.6916622240536852e-05
2mws,A,B,-5.929761893029941,0.0,1024.0,PDBbind v2020,,5.0,4.479881329594355e-05
6bw9,B,A,-11.401108419624416,0.0,973.0,PDBbind v2020,,0.0,4.352341388659977e-09
5ywp,A,QR,-11.644710542934746,0.0,1617.0,PDBbind v2020,,9.0,2.8845062056653774e-09
4jra,A,D,-10.303368782521945,0.0,1038.0,PDBbind v2020,,8.0,2.7782844986249057e-08
2nbv,A,B,-6.863850181391922,0.0,1029.0,PDBbind v2020,,2.0,9.251888698861808e-06
4dvg,A,B,-7.53415160676106,0.0,2502.0,PDBbind v2020,,7.0,2.982968924296241e-06
4f37,A,HL,-11.267558565791363,0.0,1816.0,SAbDab,Antibody-Antigen,0.0,5.453369818946753e-09
5xmh,A,HL,-5.178229841853146,0.0,1862.0,SAbDab,Antibody-Antigen,6.0,0.0001593751524889
5usl,X,HL,-14.727427584496755,0.0,1344.0,SAbDab,Antibody-Antigen,2.0,1.5822926050685785e-11
6h3u,IM,A,-10.154477050942525,0.0,1767.0,PDBbind v2020,,2.0,3.5724819884812624e-08
5d8j,A,HL,-11.93592422329069,0.0,1256.0,SAbDab,Antibody-Antigen,9.0,1.7640176317530743e-09
4lgp,A,B,-13.148252398755588,0.0,1384.0,PDBbind v2020,,8.0,2.2772614727779067e-10
3rkd,B,CD,-11.22697092131989,0.0,1752.0,SAbDab,Antibody-Antigen,4.0,5.8402424336025084e-09
3tg1,A,B,-8.179131543299079,0.0,2361.0,PDBbind v2020,,0.0,1.0037768637778804e-06
2jjt,C,A,-8.077009868549451,0.0,2572.0,PDBbind v2020,,2.0,1.1926982099696145e-06
6ere,A,D,-9.735648747730949,0.0,2232.0,PDBbind v2020,,1.0,7.246492657697836e-08
1he8,B,A,-8.029588407603734,0.0,153.0,SKEMPI v2.0,,0.0,1.2921360292303743e-06
4gaf,A,B,-16.021817897462313,0.0,907.0,PDBbind v2020,,0.0,1.7783389198751377e-12
4hem,ABC,EFG,-10.913368848735978,0.0,1190.0,PDBbind v2020,,4.0,9.917871959919237e-09
5d1x,E,AB,-14.566319915310617,0.0,1246.0,SAbDab,Antibody-Antigen,3.0,2.0770118871364387e-11
1g6v,A,K,-9.74382062879072,0.0,129.0,SAbDab,Antibody-Antigen,2.0,7.147181500273812e-08
1zmy,L,A,-9.936617775484123,0.0,1785.0,SAbDab,Antibody-Antigen,3.0,5.1611013422352014e-08
3pvm,A,B,-10.06315017488282,0.0,1166.0,PDBbind v2020,,7.0,4.1681832954081264e-08
3k9m,A,C,-11.866883532676171,0.0,291.0,PDBbind v2020,,4.0,1.9821456902443536e-09
3uir,A,C,-12.769342069523557,0.0,241.0,PDBbind v2020,,3.0,4.3181318716278004e-10
4eiz,B,C,-11.626664925037051,0.0,1790.0,SAbDab,Antibody-Antigen,1.0,2.9737582883361422e-09
5h9b,A,B,-8.418675960645709,0.0,843.0,PDBbind v2020,,9.0,6.698252610688805e-07
2kqs,A,B,-5.807651366565731,0.0,757.0,PDBbind v2020,,6.0,5.505784401997324e-05
3lzf,HL,AB,-11.73468169303958,0.0,1319.0,SKEMPI v2.0,,1.0,2.477929642281692e-09
6d6u,D,KL,-11.206215685154293,0.0,1700.0,SAbDab,Antibody-Antigen,2.0,6.048563258123999e-09
4dm6,A,E,-7.944808028912861,0.0,2495.0,PDBbind v2020,,8.0,1.4910217060864403e-06
4gi3,A,C,-12.506026456642058,1.0,255.0,PDBbind v2020,,8.0,6.73604125541478e-10
2a24,A,B,-6.1699805006690625,1.0,2197.0,PDBbind v2020,,4.0,2.9860454715134004e-05
5o2t,A,B,-9.245374367853676,1.0,542.0,PDBbind v2020,,6.0,1.6583735548242856e-07
2byk,B,A,-7.691567974387599,1.0,619.0,PDBbind v2020,,6.0,2.286670821536436e-06
5ibl,AB,HL,-7.426134838758529,1.0,1647.0,PDBbind v2020,,3.0,3.5798548962459636e-06
5mr4,A,C,-9.082074615395763,1.0,1470.0,PDBbind v2020,,9.0,2.184953326875916e-07
2l1l,B,A,-11.124681626825549,1.0,774.0,PDBbind v2020,,4.0,6.94140188707419e-09
5xoc,A,B,-6.953057370096575,1.0,1575.0,PDBbind v2020,,6.0,7.958077465297183e-06
5d1k,A,B,-9.200962367002328,1.0,1244.0,PDBbind v2020,,5.0,1.7875284907290137e-07
2jt4,A,B,-5.999542686156381,1.0,728.0,PDBbind v2020,,0.0,3.981906765804197e-05
1u0i,A,B,-9.760510520733549,1.0,423.0,PDBbind v2020,,0.0,6.94856104669029e-08
3gmw,A,B,-14.052367483071771,1.0,663.0,PDBbind v2020,,0.0,4.947187361383764e-11
5glh,A,B,-14.574844551357735,1.0,2018.0,PDBbind v2020,,7.0,2.0473271005153302e-11
2l29,A,B,-10.66141813527182,1.0,150.0,PDBbind v2020,,1.0,1.517723337453735e-08
2knb,B,A,-6.7643888253635716,1.0,756.0,PDBbind v2020,,9.0,1.0943916654398655e-05
2kvq,E,G,-5.867340846519791,1.0,766.0,PDBbind v2020,,9.0,4.977880716009257e-05
4ypi,A,E,-10.52075804448187,1.0,2615.0,PDBbind v2020,,8.0,1.9246380720568315e-08
5w06,T,HL,-13.44236741685774,1.0,19.0,SAbDab,Antibody-Antigen,5.0,1.3858511194207268e-10
5m2i,E,J,-12.642600655487396,1.0,1608.0,SAbDab,Antibody-Antigen,5.0,5.348657208211486e-10
5ywo,A,QR,-11.16585893895901,1.0,1615.0,PDBbind v2020,,3.0,6.475134850049141e-09
6k7o,R,FG,-11.64674996657943,1.0,1427.0,PDBbind v2020,,3.0,2.8745893831854215e-09
3p9w,E,F,-10.634914266220765,1.0,1781.0,SAbDab,Antibody-Antigen,0.0,1.587193447623538e-08
6a78,B,LM,-9.03299825956467,1.0,1659.0,PDBbind v2020,,2.0,2.37374186927823e-07
4u6v,A,HL,-15.00588216701197,1.0,2544.0,SAbDab,Antibody-Antigen,5.0,9.887248138337444e-12
4zi2,A,C,-8.698979068790823,1.0,2176.0,PDBbind v2020,,0.0,4.172482238187452e-07
6fbx,A,B,-8.818964970820693,1.0,1920.0,PDBbind v2020,,5.0,3.407218222706821e-07
5aaw,L,Kk,-11.41063138903199,1.0,2210.0,SAbDab,Antibody-Antigen,9.0,4.282911047477595e-09
3ojm,A,B,-9.393759513695732,1.0,385.0,PDBbind v2020,,4.0,1.2908047308483356e-07
4a49,A,B,-5.97063685660683,1.0,1502.0,PDBbind v2020,,2.0,4.1810934297319226e-05
2mnu,A,B,-9.055739080479595,1.0,1017.0,PDBbind v2020,,3.0,2.2843148457752967e-07
3bn3,B,A,-6.410199108308183,1.0,811.0,PDBbind v2020,,5.0,1.9903356589030577e-05
3wih,A,HL,-10.53310124059703,1.0,1814.0,SAbDab,Antibody-Antigen,9.0,1.8849372316319076e-08
6nms,AB,C,-12.740177470813416,1.0,2568.0,PDBbind v2020,,1.0,4.536119226914426e-10
3tl8,A,B,-7.442824730701357,1.0,2362.0,PDBbind v2020,,9.0,3.480370588588703e-06
4pz6,A,Q,-9.109635490942626,1.0,2402.0,PDBbind v2020,,8.0,2.085593830604641e-07
6bit,G,JL,-11.711445303727924,1.0,1764.0,SAbDab,Antibody-Antigen,6.0,2.577092077798918e-09
4m8q,S,AB,-11.462181451938106,1.0,957.0,SAbDab,Antibody-Antigen,1.0,3.9258488632774934e-09
2b7c,B,A,-8.727884898340376,1.0,578.0,PDBbind v2020,,0.0,3.973705810133431e-07
3wa0,A,G,-7.609886741301236,1.0,2244.0,PDBbind v2020,,1.0,2.624862429657596e-06
5vzm,A,B,-5.881733100422892,1.0,1538.0,PDBbind v2020,,5.0,4.858358741247326e-05
2lqh,B,A,-5.552969086545483,1.0,990.0,PDBbind v2020,,4.0,8.464407747711237e-05
3lb8,A,C,-5.702857373420846,1.0,930.0,PDBbind v2020,,9.0,6.571619296405593e-05
1wa7,A,B,-6.846276164551769,1.0,457.0,PDBbind v2020,,4.0,9.530566750230194e-06
2leh,A,B,-11.570198219940638,1.0,779.0,PDBbind v2020,,0.0,3.2712736968531663e-09
3p0y,A,HL,-11.891068604310233,1.0,1585.0,SAbDab,Antibody-Antigen,1.0,1.9028250872164007e-09
4zqu,A,B,-10.634914266220765,1.0,2520.0,PDBbind v2020,,2.0,1.587193447623538e-08
5czf,B,C,-13.641711060919972,1.0,1238.0,PDBbind v2020,,3.0,9.897445557927592e-11
2kwo,A,B,-5.905260931234441,1.0,2153.0,PDBbind v2020,,4.0,4.6691183188771346e-05
3olm,D,A,-5.515168898363368,1.0,2292.0,PDBbind v2020,,7.0,9.02232055453699e-05
5y80,A,B,-11.991725625696471,1.0,2386.0,SAbDab,Antibody-Antigen,2.0,1.605386554210138e-09
4xl5,A,C,-12.078196310765742,1.0,2602.0,PDBbind v2020,,2.0,1.3872804458780415e-09
2m04,B,A,-10.913368848735978,1.0,1003.0,PDBbind v2020,,5.0,9.917871959919237e-09
2kxh,B,A,-6.6215118863977525,1.0,770.0,PDBbind v2020,,7.0,1.3930125085758056e-05
6j6y,A,BC,-12.990836031129048,1.0,387.0,PDBbind v2020,,6.0,2.9706944007049096e-10
1hez,E,CD,-9.329064176547238,1.0,274.0,SAbDab,Antibody-Antigen,1.0,1.4398141250084048e-07
3eqy,C,A,-11.009653510913472,1.0,1523.0,SKEMPI v2.0,,1.0,8.429577826507669e-09
5szi,A,B,-8.999272375383182,1.0,964.0,PDBbind v2020,,8.0,2.512853549538812e-07
2lfw,A,B,-11.256883466462137,1.0,780.0,PDBbind v2020,,4.0,5.552566787993617e-09
1yx6,A,B,-5.643135429454957,1.0,497.0,PDBbind v2020,,9.0,7.268937254529853e-05
6h15,B,D,-10.767116105857356,1.0,1788.0,PDBbind v2020,,8.0,1.2696279176410245e-08
5ixd,A,B,-9.756293762834623,1.0,1309.0,PDBbind v2020,,3.0,6.998215924701628e-08
2x1x,R,E,-10.634914266220765,1.0,882.0,PDBbind v2020,,2.0,1.587193447623538e-08
3sjh,A,B,-7.459998454425873,1.0,2120.0,PDBbind v2020,,4.0,3.3808875536083147e-06
5otj,C,HL,-13.327339300945663,1.0,1342.0,SAbDab,Antibody-Antigen,3.0,1.6829654956102514e-10
5xj4,A,HL,-12.517462410507042,1.0,1306.0,PDBbind v2020,,3.0,6.607206898984192e-10
2ru4,A,B,-9.412275145091895,1.0,1467.0,PDBbind v2020,,9.0,1.251070157881564e-07
5do2,A,HL,-9.26338341351248,1.0,1762.0,SAbDab,Antibody-Antigen,3.0,1.608699759715164e-07
5d93,A,BC,-10.634914266220765,2.0,2566.0,PDBbind v2020,,1.0,1.587193447623538e-08
1fcc,C,A,-9.030524552489648,2.0,636.0,SKEMPI v2.0,,6.0,2.383678299344229e-07
3k6g,A,D,-10.616683536000444,2.0,1154.0,PDBbind v2020,,2.0,1.6368157916405153e-08
5j8h,A,B,-9.297247029179822,2.0,598.0,PDBbind v2020,,5.0,1.51928867307364e-07
2w84,A,B,-9.760510520733549,2.0,1142.0,PDBbind v2020,,2.0,6.94856104669029e-08
4ypg,D,HL,-14.128102617611953,2.0,1799.0,SAbDab,Antibody-Antigen,8.0,4.353275735326897e-11
4i2x,F,CD,-8.077009868549451,2.0,1756.0,SAbDab,Antibody-Antigen,1.0,1.1926982099696145e-06
4hgm,A,B,-10.634914266220765,2.0,2538.0,PDBbind v2020,,5.0,1.587193447623538e-08
1kbh,B,A,-10.188340666609866,2.0,226.0,SKEMPI v2.0,,9.0,3.3739244300130885e-08
4cpa,I,A,-12.037321347188852,2.0,2275.0,SKEMPI v2.0,,8.0,1.4864178169773327e-09
1cz8,VW,HL,-13.44236741685774,2.0,1725.0,SKEMPI v2.0,,6.0,1.3858511194207268e-10
2khs,A,B,-8.790305944850525,2.0,301.0,PDBbind v2020,,8.0,3.576166542292914e-07
2l0f,B,A,-5.135383322433987,2.0,768.0,PDBbind v2020,,8.0,0.0001713338361254
6cwt,F,CD,-15.959396850952164,2.0,2276.0,SAbDab,Antibody-Antigen,1.0,1.9760253373891777e-12
2kwv,B,A,-5.519105470878139,2.0,769.0,PDBbind v2020,,6.0,8.962543426540973e-05
5d1z,CD,I,-16.370053273103967,2.0,1247.0,PDBbind v2020,,0.0,9.877061225232631e-13
2ju0,A,B,-9.54919774264398,2.0,730.0,PDBbind v2020,,5.0,9.928100964026506e-08
6mc9,A,B,-8.8885298951221,2.0,592.0,PDBbind v2020,,6.0,3.029582891384412e-07
1a4y,B,A,-20.87322301353176,2.0,3.0,SKEMPI v2.0,,3.0,4.92175418422283e-16
5mi0,A,BC,-8.7132557110273,2.0,1808.0,SAbDab,Antibody-Antigen,3.0,4.0730934814859555e-07
5wt9,G,HL,-12.057406388731234,2.0,1548.0,SAbDab,Antibody-Antigen,4.0,1.4368487487432571e-09
6ndz,E,F,-13.231054638768168,2.0,2021.0,PDBbind v2020,,1.0,1.9801034692314815e-10
6plk,HL,E,-12.19473771481539,2.0,1618.0,PDBbind v2020,,4.0,1.1394514448372487e-09
4zfg,A,HL,-11.32402527088778,2.0,2563.0,SAbDab,Antibody-Antigen,4.0,4.9573973935764134e-09
3uih,P,A,-5.343751014175161,2.0,2369.0,SKEMPI v2.0,,8.0,0.0001205123848605
6eg1,A,B,-5.614616191751911,2.0,1911.0,PDBbind v2020,,2.0,7.627569770305519e-05
4w6y,A,B,-12.006537696784346,2.0,1787.0,SAbDab,Antibody-Antigen,2.0,1.5657298550655934e-09
3zeu,E,D,-8.918407754395435,2.0,2257.0,PDBbind v2020,,6.0,2.88052197639427e-07
5mzv,A,D,-10.154477050942525,2.0,1477.0,SAbDab,Antibody-Antigen,0.0,3.5724819884812624e-08
6uys,A,B,-7.906572054036771,2.0,760.0,PDBbind v2020,,3.0,1.5904691060962128e-06
3gqi,A,B,-10.20602711384864,2.0,1287.0,PDBbind v2020,,9.0,3.274647593210807e-08
5vx0,A,B,-6.381293278758632,2.0,1163.0,PDBbind v2020,,1.0,2.0898980904993704e-05
1g5j,A,B,-12.580179608977248,2.0,122.0,PDBbind v2020,,8.0,5.943232781059083e-10
5f3b,D,EF,-15.719178243313044,2.0,1194.0,SAbDab,Antibody-Antigen,2.0,2.9645760924359124e-12
1nca,HL,N,-9.959854164795782,2.0,298.0,SKEMPI v2.0,,4.0,4.962510308776891e-08
4qci,C,HL,-14.395882100797934,2.0,1379.0,SAbDab,Antibody-Antigen,5.0,2.7697058751930755e-11
2r0l,A,HL,-10.689163431671144,2.0,868.0,SAbDab,Antibody-Antigen,3.0,1.4482546506841608e-08
6im9,A,B,-10.370510586947583,2.0,1521.0,PDBbind v2020,,2.0,2.4804853067015168e-08
2gyk,B,A,-12.894452635181848,2.0,2230.0,SKEMPI v2.0,,7.0,3.495771674184828e-10
3c09,D,HL,-10.049209485013582,2.0,1584.0,SAbDab,Antibody-Antigen,1.0,4.267470709478023e-08
4gms,E,JN,-10.502712426584177,2.0,1714.0,SAbDab,Antibody-Antigen,8.0,1.9841900175444562e-08
6iec,I,JK,-8.36101996918246,2.0,1367.0,PDBbind v2020,,6.0,7.383205048576396e-07
4cmh,A,BC,-13.231054638768168,2.0,2480.0,SAbDab,Antibody-Antigen,6.0,1.9801034692314815e-10
3bs5,A,B,-9.595386212543731,2.0,813.0,PDBbind v2020,,2.0,9.183172871040985e-08
1xdt,T,R,-10.913368848735978,2.0,474.0,PDBbind v2020,,9.0,9.917871959919237e-09
2ka6,A,B,-9.936617775484123,2.0,743.0,PDBbind v2020,,1.0,5.1611013422352014e-08
5xsq,A,B,-11.095775797275996,2.0,2616.0,PDBbind v2020,,4.0,7.288631183536305e-09
2c1m,A,B,-12.22107324973156,2.0,622.0,PDBbind v2020,,3.0,1.0898883881156583e-09
3uii,P,A,-6.820855530459986,2.0,2370.0,SKEMPI v2.0,,0.0,9.948590632812065e-06
2qr0,P,QR,-11.060570273937,2.0,1702.0,SAbDab,Antibody-Antigen,2.0,7.735079683753523e-09
2p44,A,B,-10.502712426584177,2.0,507.0,SAbDab,Antibody-Antigen,0.0,1.9841900175444562e-08
6ne1,A,B,-12.078196310765742,2.0,2022.0,PDBbind v2020,,8.0,1.3872804458780415e-09
2fyl,B,A,-7.575026570337948,2.0,660.0,PDBbind v2020,,8.0,2.7840183372890448e-06
2rr3,A,B,-7.745464384850629,2.0,1103.0,PDBbind v2020,,0.0,2.087744851301977e-06
5utz,E,FG,-11.90385695623002,2.0,1345.0,SAbDab,Antibody-Antigen,5.0,1.8621738478683222e-09
5t5f,A,HL,-13.261443452781023,2.0,1364.0,SAbDab,Antibody-Antigen,9.0,1.8810550998824829e-10
4xvp,A,D,-11.427321280974818,2.0,2603.0,PDBbind v2020,,4.0,4.163888781864894e-09
1b2s,D,A,-13.374470415409828,2.0,32.0,SKEMPI v2.0,,9.0,1.5542127803016538e-10
5vz4,A,B,-11.045570688372568,2.0,1537.0,PDBbind v2020,,7.0,7.933504981863605e-09
5ua4,A,B,-10.347274197635928,2.0,749.0,PDBbind v2020,,0.0,2.5797500154648873e-08
3o34,A,B,-6.896590665000162,2.0,904.0,PDBbind v2020,,0.0,8.754258741154254e-06
5m2j,A,D,-13.486272831971725,2.0,1609.0,SAbDab,Antibody-Antigen,8.0,1.2868190599368506e-10
6ppg,F,HL,-15.15460465077314,2.0,1483.0,PDBbind v2020,,8.0,7.691414622477553e-12
1k8r,B,A,-8.900300851531348,2.0,222.0,SKEMPI v2.0,,9.0,2.96995812226106e-07
3sqo,A,HL,-15.416538589163771,2.0,1318.0,SAbDab,Antibody-Antigen,9.0,4.9420902335420374e-12
4q5u,A,C,-16.370053273103967,2.0,596.0,PDBbind v2020,,9.0,9.877061225232631e-13
2mej,A,B,-6.506483770485678,2.0,1002.0,PDBbind v2020,,3.0,1.6916622240536852e-05
5bvp,I,HL,-14.345214319490088,2.0,908.0,SAbDab,Antibody-Antigen,7.0,3.017116557468112e-11
3k8p,D,C,-10.913368848735978,3.0,1156.0,PDBbind v2020,,4.0,9.917871959919237e-09
4dkf,A,HL,-11.607238529458838,3.0,1712.0,SAbDab,Antibody-Antigen,2.0,3.072928673662477e-09
5fv2,X,A,-15.202978760233732,3.0,1839.0,SAbDab,Antibody-Antigen,0.0,7.088101159300013e-12
2kri,A,B,-5.916740446143799,3.0,661.0,PDBbind v2020,,3.0,4.579479308462109e-05
2j59,F,R,-9.90338745969937,3.0,713.0,PDBbind v2020,,5.0,5.4589942656527934e-08
1yym,G,HL,-6.852492926565628,3.0,1740.0,SAbDab,Antibody-Antigen,6.0,9.431038450518528e-06
6j7w,D,B,-12.990836031129048,3.0,1840.0,PDBbind v2020,,9.0,2.9706944007049096e-10
2b42,B,A,-12.237455454321982,3.0,416.0,SKEMPI v2.0,,9.0,1.0601510353881651e-09
2vda,A,B,-7.53415160676106,3.0,1119.0,PDBbind v2020,,2.0,2.982968924296241e-06
2n1d,A,B,-9.85183739679325,3.0,781.0,PDBbind v2020,,8.0,5.955498457208118e-08
6nmt,AB,C,-13.35589673178847,3.0,1771.0,PDBbind v2020,,6.0,1.6037325112349228e-10
3u8x,A,B,-7.459998454425873,3.0,2121.0,PDBbind v2020,,4.0,3.3808875536083147e-06
5mes,A,HL,-8.82416956051787,3.0,1340.0,SAbDab,Antibody-Antigen,5.0,3.3774041973453865e-07
5oy9,A,D,-7.401949767124469,3.0,1516.0,PDBbind v2020,,5.0,3.729083667208922e-06
2nqd,B,A,-14.199568908272797,3.0,1032.0,PDBbind v2020,,9.0,3.8583769386626657e-11
2den,A,B,-6.506483770485678,3.0,635.0,PDBbind v2020,,3.0,1.6916622240536852e-05
5g15,A,B,-9.234825982669673,3.0,2090.0,PDBbind v2020,,0.0,1.6881781527970416e-07
6h71,B,D,-10.043723779304608,3.0,1434.0,PDBbind v2020,,2.0,4.3071859659135524e-08
2kt5,A,B,-6.21085546424595,3.0,765.0,PDBbind v2020,,9.0,2.7868896926687003e-05
2djy,A,B,-5.999542686156381,3.0,638.0,PDBbind v2020,,0.0,3.981906765804197e-05
5ywr,A,B,-10.107055589996806,3.0,1181.0,PDBbind v2020,,3.0,3.8703275082561166e-08
3vg9,A,BC,-11.399760405427957,3.0,1813.0,SAbDab,Antibody-Antigen,9.0,4.362260049474433e-09
4llo,B,A,-6.6563720573610405,3.0,2638.0,PDBbind v2020,,2.0,1.3133771961301871e-05
2m0j,A,B,-10.805352080733448,3.0,584.0,PDBbind v2020,,0.0,1.19024178250311e-08
4ic7,A,B,-8.685038378921586,3.0,2575.0,PDBbind v2020,,3.0,4.271872054402731e-07
5o2s,A,B,-11.471226696088802,3.0,541.0,PDBbind v2020,,3.0,3.866339877981026e-09
2kj4,A,B,-9.804415935847535,3.0,753.0,PDBbind v2020,,8.0,6.45202119384462e-08
2lvo,A,C,-6.674602787581364,3.0,992.0,PDBbind v2020,,6.0,1.273560342344147e-05
5lqb,A,HL,-12.277539954827974,3.0,1451.0,PDBbind v2020,,2.0,9.90765349483909e-10
1l4z,B,A,-9.148699596307608,3.0,240.0,PDBbind v2020,,6.0,1.9524554462446825e-07
5nt7,B,A,-6.786334000251129,3.0,1489.0,PDBbind v2020,,6.0,1.054578116741359e-05
4gnk,B,A,-9.082074615395763,3.0,2527.0,SKEMPI v2.0,,4.0,2.184953326875916e-07
5tzt,C,HL,-11.65291070130086,3.0,1770.0,SAbDab,Antibody-Antigen,9.0,2.84483900781249e-09
4hrn,D,A,-11.570198219940638,3.0,394.0,SKEMPI v2.0,,7.0,3.2712736968531663e-09
4qt8,A,C,-8.939197676429945,3.0,2408.0,PDBbind v2020,,0.0,2.781149940290466e-07
4ios,ABC,EFG,-10.53310124059703,3.0,1192.0,PDBbind v2020,,2.0,1.8849372316319076e-08
4ilw,D,A,-11.236093544427629,3.0,142.0,PDBbind v2020,,3.0,5.7509630913829985e-09
1za3,R,HL,-10.188340666609866,3.0,514.0,SAbDab,Antibody-Antigen,8.0,3.3739244300130885e-08
2ld7,A,B,-10.962768448359986,3.0,778.0,PDBbind v2020,,9.0,9.124101603792288e-09
2ka4,A,B,-9.87192243833563,3.0,378.0,PDBbind v2020,,8.0,5.7568944671176374e-08
4dm8,A,C,-7.944808028912861,3.0,2496.0,PDBbind v2020,,0.0,1.4910217060864403e-06
5mak,B,A,-14.375092178763424,3.0,1461.0,PDBbind v2020,,7.0,2.8686690084781e-11
1wa8,A,B,-10.856902143639564,3.0,458.0,PDBbind v2020,,1.0,1.091012467237018e-08
6cmg,A,BC,-10.316202179260891,3.0,1692.0,SAbDab,Antibody-Antigen,0.0,2.7187234656071115e-08
6hul,A,B,-8.898322712853057,3.0,1956.0,PDBbind v2020,,4.0,2.979895546870992e-07
6kbn,B,A,-7.960821219487149,3.0,1992.0,PDBbind v2020,,8.0,1.4512435665117905e-06
1p9d,S,U,-6.669992243038665,3.0,428.0,PDBbind v2020,,2.0,1.2835145042365512e-05
2lqc,A,B,-7.554236648303439,3.0,583.0,PDBbind v2020,,0.0,2.883492862814925e-06
3kbh,E,A,-9.777684244458063,3.0,559.0,SKEMPI v2.0,,3.0,6.749943134006594e-08
6uyu,A,B,-7.7743702144001805,3.0,761.0,PDBbind v2020,,6.0,1.9882849996980894e-06
3q8d,E,A,-9.85183739679325,3.0,2309.0,SKEMPI v2.0,,8.0,5.955498457208118e-08
2m86,B,A,-11.711445303727924,3.0,1000.0,PDBbind v2020,,5.0,2.577092077798918e-09
3hi1,G,HL,-10.846227044310336,3.0,1744.0,SAbDab,Antibody-Antigen,8.0,1.1108580184347831e-08
5imt,A,D,-8.778896613200592,3.0,1296.0,PDBbind v2020,,0.0,3.645734545478602e-07
1f3v,A,B,-6.96805695566101,3.0,83.0,PDBbind v2020,,1.0,7.759037583549482e-06
5u4y,A,C,-10.370510586947583,3.0,1067.0,PDBbind v2020,,4.0,2.4804853067015168e-08
1xr0,A,B,-6.820855530459986,3.0,479.0,PDBbind v2020,,9.0,9.948590632812065e-06
5zau,A,B,-9.85183739679325,3.0,1625.0,PDBbind v2020,,9.0,5.955498457208118e-08
1mxe,E,A,-16.370053273103967,3.0,278.0,PDBbind v2020,,7.0,9.877061225232631e-13
2kgx,A,B,-6.883276576970136,3.0,751.0,PDBbind v2020,,3.0,8.953309244308772e-06
2mre,A,B,-6.440587922321038,3.0,1018.0,PDBbind v2020,,0.0,1.8907754568556263e-05
3n85,HL,A,-12.417194118936148,3.0,392.0,SKEMPI v2.0,,1.0,7.826220316127325e-10
5w9a,A,C,-5.4391722533427815,3.0,1541.0,PDBbind v2020,,7.0,0.0001025775259997
3o4o,C,A,-7.67631085698527,3.0,905.0,PDBbind v2020,,6.0,2.346350154938926e-06
6ivu,A,B,-14.949415461915557,3.0,1971.0,PDBbind v2020,,3.0,1.0876437031235836e-11
4plo,A,B,-10.122444818445226,3.0,2397.0,PDBbind v2020,,1.0,3.771044487987504e-08
4u6h,E,AB,-13.70413210743012,3.0,1820.0,SKEMPI v2.0,,8.0,8.907280848060035e-11
5wql,A,C,-10.913368848735978,3.0,1545.0,PDBbind v2020,,1.0,9.917871959919237e-09
6ddm,C,AB,-12.791492387066816,4.0,877.0,SAbDab,TCR-pMHC,5.0,4.1595986929942984e-10
1q68,A,B,-8.727884898340376,4.0,366.0,PDBbind v2020,,1.0,3.973705810133431e-07
2kxw,A,B,-10.913368848735978,4.0,582.0,PDBbind v2020,,0.0,9.917871959919237e-09
5hhx,A,HL,-11.200416761365725,4.0,1338.0,SAbDab,Antibody-Antigen,1.0,6.108084088349663e-09
1r8u,A,B,-10.757930619787729,4.0,377.0,PDBbind v2020,,0.0,1.2894748041139751e-08
1ty4,C,A,-11.177772528009156,4.0,422.0,PDBbind v2020,,5.0,6.346169979972941e-09
1wlp,B,A,-8.449430315825163,4.0,460.0,PDBbind v2020,,5.0,6.359267240105308e-07
5e3e,A,B,-10.078873587029346,4.0,1278.0,PDBbind v2020,,3.0,4.0589683633915953e-08
5dc4,A,B,-10.171166942885352,4.0,2087.0,PDBbind v2020,,6.0,3.473202574219313e-08
6iw0,A,HL,-10.735571287607009,4.0,1833.0,PDBbind v2020,,9.0,1.3390926138527742e-08
2vxs,D,JN,-11.83797770312662,4.0,1317.0,SAbDab,Antibody-Antigen,1.0,2.0812984355695507e-09
6a79,B,LM,-11.030941501059491,4.0,1660.0,PDBbind v2020,,7.0,8.131932501032331e-09
2k8f,A,B,-7.59657265327121,4.0,744.0,PDBbind v2020,,0.0,2.6845454025720844e-06
6nmr,AB,E,-13.28368286754736,4.0,2545.0,PDBbind v2020,,9.0,1.8117226231427102e-10
1t5z,B,A,-6.113513795572649,4.0,407.0,PDBbind v2020,,5.0,3.2847901750732806e-05
4k2u,B,IM,-14.75393145354781,4.0,1758.0,SAbDab,Antibody-Antigen,3.0,1.5130370006181234e-11
2ki4,A,B,-8.011633943177063,4.0,752.0,PDBbind v2020,,2.0,1.331912131276662e-06
4kfz,B,D,-9.585855948321946,4.0,1837.0,SAbDab,Antibody-Antigen,1.0,9.332156393788825e-08
5xco,B,A,-10.982409539350494,4.0,545.0,SKEMPI v2.0,,8.0,8.826445549827521e-09
2ixq,A,B,-8.396339414641552,4.0,707.0,PDBbind v2020,,6.0,6.95572759005497e-07
2h9g,S,HL,-11.32402527088778,4.0,515.0,SAbDab,Antibody-Antigen,3.0,4.9573973935764134e-09
6oy4,A,CD,-10.171166942885352,4.0,1768.0,PDBbind v2020,,0.0,3.473202574219313e-08
4yh7,B,A,-9.308979135004858,4.0,2684.0,SKEMPI v2.0,,4.0,1.4894854941551934e-07
2kwi,A,B,-9.187940920116189,4.0,534.0,PDBbind v2020,,6.0,1.8272693257526945e-07
5ip4,E,A,-8.656789005930884,4.0,1301.0,SAbDab,Antibody-Antigen,3.0,4.4805940089583443e-07
3p11,A,HL,-11.722949587214543,4.0,2549.0,SAbDab,Antibody-Antigen,3.0,2.5275106424096123e-09
2x2d,C,D,-7.113702366878299,4.0,284.0,PDBbind v2020,,7.0,6.067297502420434e-06
6hhc,HL,A,-11.75886676467364,4.0,1664.0,PDBbind v2020,,1.0,2.37876898297497e-09
5d96,D,IJ,-11.810416827579758,4.0,1719.0,PDBbind v2020,,4.0,2.1804532955014246e-09
6f0g,A,C,-9.90338745969937,4.0,695.0,PDBbind v2020,,3.0,5.4589942656527934e-08
3osl,A,B,-11.929304579186322,4.0,524.0,PDBbind v2020,,1.0,1.7838469776311663e-09
5zqv,A,E,-8.98310309154393,4.0,1632.0,PDBbind v2020,,1.0,2.582410694450311e-07
6m9k,C,F,-6.712838762457455,4.0,2011.0,PDBbind v2020,,8.0,1.1939283241450922e-05
3vep,X,D,-6.80334335943478,4.0,2281.0,PDBbind v2020,,9.0,1.0247183953078227e-05
4uu9,D,HL,-14.806538522949737,4.0,1167.0,SAbDab,Antibody-Antigen,9.0,1.384423265610221e-11
4weu,A,E,-7.153883998622112,4.0,1727.0,SAbDab,Antibody-Antigen,3.0,5.669269787843433e-06
5j28,A,C,-9.159648712562191,4.0,1300.0,PDBbind v2020,,5.0,1.9166876063064578e-07
6on9,A,B,-6.820855530459986,4.0,2036.0,PDBbind v2020,,2.0,9.948590632812065e-06
1djs,A,B,-10.077426817119294,4.0,382.0,PDBbind v2020,,1.0,4.068896939760393e-08
6r2s,AB,C,-14.595225744860166,4.0,1807.0,PDBbind v2020,,6.0,1.9780633523357147e-11
2lpb,A,B,-6.814960437207081,4.0,791.0,PDBbind v2020,,2.0,1.0048121299825506e-05
6ird,B,C,-9.109635490942626,4.0,1969.0,PDBbind v2020,,9.0,2.085593830604641e-07
2j0t,D,A,-12.820398216616368,4.0,2278.0,SKEMPI v2.0,,8.0,3.9614360351010536e-10
4fza,B,A,-10.96794273438289,4.0,2234.0,SKEMPI v2.0,,5.0,9.044726225237962e-09
6k4k,A,C,-11.167676277757485,4.0,602.0,PDBbind v2020,,2.0,6.455294025413833e-09
4hff,A,B,-13.05545541776353,4.0,2535.0,PDBbind v2020,,1.0,2.663592580087377e-10
2kc8,A,B,-9.13854132049218,4.0,750.0,PDBbind v2020,,5.0,1.9862364533041654e-07
6otc,A,HL,-11.335994404915116,4.0,2038.0,PDBbind v2020,,1.0,4.8582055054348245e-09
5o74,I,J,-6.820855530459986,4.0,872.0,PDBbind v2020,,7.0,9.948590632812065e-06
5u4k,A,B,-6.580636922820865,4.0,1907.0,PDBbind v2020,,2.0,1.4925595024218987e-05
6ddv,C,AB,-11.238140012727555,4.0,879.0,SAbDab,TCR-pMHC,9.0,5.731123321446689e-09
4mhh,E,HL,-12.339961001338123,4.0,1645.0,SAbDab,Antibody-Antigen,0.0,8.916467557945685e-10
3bdy,V,HL,-8.898322712853057,4.0,2546.0,SKEMPI v2.0,,2.0,2.979895546870992e-07
3eob,I,HL,-11.810416827579758,4.0,2191.0,SAbDab,Antibody-Antigen,8.0,2.1804532955014246e-09
1lw6,E,I,-15.959396850952164,4.0,249.0,PDBbind v2020,,0.0,1.9760253373891777e-12
4l0p,B,A,-10.975789895246129,4.0,862.0,SKEMPI v2.0,,2.0,8.925663742736219e-09
1b41,B,A,-13.678369266597937,4.0,42.0,SKEMPI v2.0,,8.0,9.303341110275244e-11
1sb0,A,B,-6.580636922820865,4.0,1905.0,PDBbind v2020,,6.0,1.4925595024218987e-05
3uig,P,A,-7.255697024245848,4.0,2368.0,SKEMPI v2.0,,8.0,4.773754642368024e-06
5xln,B,A,-7.6469270508194365,4.0,1574.0,PDBbind v2020,,7.0,2.46571084292744e-06
1iqd,C,AB,-14.806538522949737,4.0,196.0,SAbDab,Antibody-Antigen,5.0,1.384423265610221e-11
4ps4,A,HL,-15.338910635174097,4.0,928.0,SAbDab,Antibody-Antigen,3.0,5.634313364017025e-12
6ba6,A,B,-5.170870095236487,4.0,552.0,PDBbind v2020,,8.0,0.0001613682393278
2jel,P,HL,-11.626664925037051,4.0,447.0,SKEMPI v2.0,,4.0,2.9737582883361422e-09
4m62,T,IM,-11.718321032549374,4.0,956.0,SAbDab,Antibody-Antigen,9.0,2.547343164809846e-09
3d7u,B,A,-6.1699805006690625,4.0,2173.0,PDBbind v2020,,1.0,2.9860454715134004e-05
2rnr,A,B,-9.308979135004858,4.0,1100.0,PDBbind v2020,,6.0,1.4894854941551934e-07
1b2u,D,A,-9.54919774264398,5.0,33.0,SKEMPI v2.0,,2.0,9.928100964026506e-08
4n7z,A,B,-9.210919777589949,5.0,2651.0,PDBbind v2020,,5.0,1.7577231234561429e-07
4p59,A,HL,-14.316771162344956,5.0,1784.0,SAbDab,Antibody-Antigen,4.0,3.165567376246951e-11
2lkm,B,A,-10.805352080733448,5.0,777.0,PDBbind v2020,,6.0,1.19024178250311e-08
5imk,A,B,-8.281311298729477,5.0,1294.0,SAbDab,Antibody-Antigen,9.0,8.446974835088972e-07
3tei,A,B,-8.595683058703784,5.0,2358.0,PDBbind v2020,,2.0,4.967628497289095e-07
4oyd,A,B,-13.174587933671756,5.0,846.0,PDBbind v2020,,7.0,2.1782067565312616e-10
6saz,B,A,-13.44236741685774,5.0,1954.0,PDBbind v2020,,6.0,1.3858511194207268e-10
5djt,A,B,-10.598997088761667,5.0,1065.0,PDBbind v2020,,7.0,1.6864388089566418e-08
2rvb,A,B,-9.336051204266974,5.0,1101.0,PDBbind v2020,,9.0,1.422926032876518e-07
5th9,HL,A,-15.138084006648558,5.0,141.0,PDBbind v2020,,4.0,7.909008371898844e-12
5t29,O,HL,-12.852348169829629,5.0,959.0,SAbDab,Antibody-Antigen,1.0,3.7533700243143867e-10
3oun,A,B,-9.87192243833563,5.0,2301.0,PDBbind v2020,,1.0,5.7568944671176374e-08
3jza,A,B,-15.719178243313044,5.0,871.0,PDBbind v2020,,4.0,2.9645760924359124e-12
5n47,A,B,-11.124681626825549,5.0,2525.0,PDBbind v2020,,0.0,6.94140188707419e-09
4hj0,B,CD,-10.419910186571592,5.0,1327.0,SAbDab,Antibody-Antigen,9.0,2.2819612973953675e-08
6jbt,F,HL,-12.945240309636668,5.0,1550.0,PDBbind v2020,,1.0,3.208460496831973e-10
3ho5,B,H,-9.082074615395763,5.0,1195.0,PDBbind v2020,,5.0,2.184953326875916e-07
2rf9,A,C,-6.665417301511738,5.0,1097.0,PDBbind v2020,,8.0,1.2934687006747649e-05
2i5y,P,QR,-11.6890859715472,5.0,1741.0,SAbDab,Antibody-Antigen,0.0,2.676256221206487e-09
6b12,A,C,-11.038210941756278,5.0,1676.0,PDBbind v2020,,6.0,8.032718467263283e-09
2abz,E,B,-11.667539888613938,5.0,556.0,SKEMPI v2.0,,6.0,2.775422009247502e-09
6flb,G,HL,-12.277539954827974,5.0,1707.0,SAbDab,Antibody-Antigen,0.0,9.90765349483909e-10
2p4a,A,B,-13.29347568527832,5.0,509.0,SAbDab,Antibody-Antigen,8.0,1.7820090654134068e-10
6iua,A,B,-11.866883532676171,5.0,977.0,PDBbind v2020,,9.0,1.9821456902443536e-09
5hvg,A,B,-12.551273779427694,5.0,2300.0,SAbDab,Antibody-Antigen,8.0,6.240530729060147e-10
1nf3,C,A,-9.959854164795782,5.0,293.0,PDBbind v2020,,5.0,4.962510308776891e-08
3nvq,A,B,-8.924568489116869,5.0,901.0,SKEMPI v2.0,,1.0,2.85071020203476e-07
4yn0,A,B,-9.645482404821475,5.0,2686.0,PDBbind v2020,,0.0,8.438271847418412e-08
2kwu,B,A,-5.855608740694754,5.0,767.0,PDBbind v2020,,1.0,5.0774833440281814e-05
2i60,G,HL,-11.192772113573591,5.0,1742.0,SAbDab,Antibody-Antigen,3.0,6.187445598629208e-09
4dzv,A,B,-10.856902143639564,5.0,897.0,PDBbind v2020,,6.0,1.091012467237018e-08
2cpk,E,I,-11.78408129266359,5.0,111.0,PDBbind v2020,,4.0,2.27961017389569e-09
5fhx,A,H,-14.897865399009438,5.0,186.0,SAbDab,Antibody-Antigen,8.0,1.1865666239475418e-11
5nl1,E,L,-9.221047408544708,5.0,1484.0,PDBbind v2020,,9.0,1.727917982354266e-07
5gzo,B,CD,-9.257560742725742,5.0,1619.0,SAbDab,Antibody-Antigen,5.0,1.6245953004707854e-07
2l0t,A,B,-5.721088103641169,5.0,773.0,PDBbind v2020,,1.0,6.372391530434417e-05
1zsg,A,B,-6.991293344972666,5.0,526.0,PDBbind v2020,,3.0,7.460482064061939e-06
6ewb,D,JK,-9.861794807380871,5.0,1766.0,PDBbind v2020,,3.0,5.856196085396585e-08
2n8j,A,B,-10.873284348229983,5.0,586.0,PDBbind v2020,,7.0,1.0612444442705444e-08
5imm,A,B,-11.535338048977348,5.0,1295.0,SAbDab,Antibody-Antigen,1.0,3.469624105031129e-09
6o3b,EG,H,-11.38644631739793,5.0,2027.0,PDBbind v2020,,3.0,4.461447208937384e-09
5ush,A,DE,-12.037321347188852,5.0,1343.0,SAbDab,Antibody-Antigen,5.0,1.4864178169773327e-09
6mud,A,B,-8.173294530726947,5.0,603.0,PDBbind v2020,,7.0,1.0137197198255691e-06
4v0o,C,D,-8.810390986392905,5.0,2159.0,PDBbind v2020,,2.0,3.4569085239035666e-07
4f9l,A,Dd,-9.79537069169684,5.0,1959.0,SAbDab,Antibody-Antigen,8.0,6.5513278369423e-08
6mlm,A,EI,-13.641711060919972,5.0,1573.0,PDBbind v2020,,3.0,9.897445557927592e-11
1veu,B,A,-10.767116105857356,5.0,442.0,PDBbind v2020,,0.0,1.2696279176410245e-08
5xod,A,B,-10.301256652000594,5.0,1576.0,PDBbind v2020,,7.0,2.788211393347284e-08
4i77,Z,HL,-15.00588216701197,5.0,927.0,SKEMPI v2.0,,0.0,9.887248138337444e-12
3ukz,B,C,-11.75886676467364,5.0,975.0,PDBbind v2020,,2.0,2.37876898297497e-09
6i07,Bb,D,-10.913368848735978,5.0,1957.0,PDBbind v2020,,8.0,9.917871959919237e-09
6p50,C,HL,-12.277539954827974,5.0,1314.0,PDBbind v2020,,4.0,9.90765349483909e-10
3ukx,B,C,-14.355007137221046,5.0,974.0,PDBbind v2020,,1.0,2.9676336698223e-11
5dmi,A,HL,-12.333414503969296,5.0,1271.0,SAbDab,Antibody-Antigen,5.0,9.015584018578783e-10
1ava,A,C,-13.174587933671756,5.0,26.0,PDBbind v2020,,0.0,2.1782067565312616e-10
5yr0,A,B,-6.983446184109431,5.0,1614.0,PDBbind v2020,,7.0,7.559999986852773e-06
3cqc,A,B,-11.456227110524368,5.0,2168.0,PDBbind v2020,,8.0,3.965521744781266e-09
1p1z,A,P,-5.588886264004579,5.0,22.0,PDBbind v2020,,7.0,7.966285194476105e-05
3ru8,X,HL,-10.197117893572663,5.0,1746.0,SAbDab,Antibody-Antigen,6.0,3.3242858457661175e-08
5bk1,A,HL,-12.22107324973156,5.0,1801.0,SAbDab,Antibody-Antigen,4.0,1.0898883881156583e-09
1ees,A,B,-10.502712426584177,5.0,2622.0,PDBbind v2020,,5.0,1.9841900175444562e-08
1o9a,B,A,-8.185026636551983,5.0,314.0,PDBbind v2020,,9.0,9.93834051803048e-07
1dp5,A,B,-12.339961001338123,5.0,70.0,PDBbind v2020,,8.0,8.916467557945685e-10
4zff,C,AB,-11.32402527088778,5.0,2562.0,SAbDab,Antibody-Antigen,9.0,4.9573973935764134e-09
4peq,A,B,-21.416081275320153,5.0,510.0,PDBbind v2020,,8.0,1.9678942538155883e-16
3ohm,A,B,-9.13854132049218,5.0,2528.0,PDBbind v2020,,7.0,1.9862364533041654e-07
1bj1,VW,HL,-11.552511772701864,5.0,1724.0,SKEMPI v2.0,,7.0,3.3704482479136838e-09
3da7,A,D,-9.393759513695732,5.0,41.0,PDBbind v2020,,1.0,1.2908047308483356e-07
1uuz,D,A,-12.277539954827974,6.0,439.0,SKEMPI v2.0,,6.0,9.90765349483909e-10
1go4,A,G,-8.161790247240326,6.0,134.0,PDBbind v2020,,8.0,1.0336055624202749e-06
2vyr,A,E,-10.03558929933596,6.0,1522.0,SAbDab,Antibody-Antigen,0.0,4.3667591573620165e-08
1otr,A,B,-5.197039421150653,6.0,348.0,PDBbind v2020,,9.0,0.0001543924844996
6n9d,A,B,-14.664266435474683,6.0,2279.0,PDBbind v2020,,6.0,1.7603845405605127e-11
1jsp,A,B,-5.867340846519791,6.0,207.0,PDBbind v2020,,8.0,4.977880716009257e-05
3ux9,A,Bb,-12.450352329568531,6.0,2347.0,SAbDab,Antibody-Antigen,1.0,7.400050753706684e-10
2l14,A,B,-7.514725211182846,6.0,227.0,PDBbind v2020,,9.0,3.0824464705377246e-06
5wuj,A,B,-8.696164564762496,6.0,1554.0,PDBbind v2020,,7.0,4.192360117474429e-07
3chw,A,P,-9.882226210806106,6.0,618.0,PDBbind v2020,,0.0,5.657593615358674e-08
6gjq,E,F,-10.370510586947583,6.0,1937.0,PDBbind v2020,,2.0,2.4804853067015168e-08
5vwy,A,B,-8.029588407603734,6.0,1161.0,PDBbind v2020,,2.0,1.2921360292303743e-06
2q7n,A,B,-15.00588216701197,6.0,1087.0,PDBbind v2020,,2.0,9.887248138337444e-12
6gbu,A,B,-9.011098156911434,6.0,1934.0,PDBbind v2020,,9.0,2.463170400759195e-07
2nyy,A,CD,-13.509509221283382,6.0,1035.0,SKEMPI v2.0,,1.0,1.2373042936028863e-10
1h9d,B,A,-10.022275211305931,6.0,73.0,SKEMPI v2.0,,9.0,4.466048615570685e-08
3ma9,A,HL,-10.913368848735978,6.0,893.0,SAbDab,Antibody-Antigen,2.0,9.917871959919237e-09
2jod,B,A,-8.806995836793355,6.0,727.0,PDBbind v2020,,3.0,3.476784734136333e-07
6ii4,A,HL,-10.61310375481458,6.0,1368.0,SAbDab,Antibody-Antigen,9.0,1.6467403418905286e-08
1sy6,A,HL,-7.590026155902382,6.0,404.0,SAbDab,Antibody-Antigen,3.0,2.7143871125298183e-06
4x33,B,A,-9.006339480855587,6.0,2600.0,PDBbind v2020,,5.0,2.483043606959146e-07
1ak4,D,A,-6.712838762457455,6.0,282.0,SKEMPI v2.0,,1.0,1.1939283241450922e-05
1gl0,I,E,-11.866883532676171,6.0,8.0,SKEMPI v2.0,,5.0,1.9821456902443536e-09
1c1y,B,A,-8.077009868549451,6.0,138.0,SKEMPI v2.0,,2.0,1.1926982099696145e-06
1l8c,A,B,-11.124681626825549,6.0,242.0,PDBbind v2020,,8.0,6.94140188707419e-09
5jq6,A,HL,-12.417194118936148,6.0,1405.0,SAbDab,Antibody-Antigen,1.0,7.826220316127325e-10
1oyh,I,L,-10.06315017488282,6.0,349.0,PDBbind v2020,,6.0,4.1681832954081264e-08
3uz0,A,B,-8.528541254278142,6.0,2395.0,PDBbind v2020,,5.0,5.564026205540619e-07
6flc,I,AB,-9.211924785436969,6.0,1825.0,SAbDab,Antibody-Antigen,9.0,1.7547425991049804e-07
4f3f,C,AB,-12.472162840974717,6.0,1806.0,SAbDab,Antibody-Antigen,5.0,7.132461487450288e-10
4bd9,A,B,-10.24306742336684,6.0,2274.0,PDBbind v2020,,9.0,3.0760980027434815e-08
1h0t,A,B,-7.123495184609257,6.0,1062.0,PDBbind v2020,,3.0,5.9677894473262926e-06
1t01,A,B,-10.107055589996806,6.0,674.0,PDBbind v2020,,0.0,3.8703275082561166e-08
2vxq,A,HL,-13.585244355823557,6.0,1132.0,SAbDab,Antibody-Antigen,2.0,1.0887654671422659e-10
1dee,H,EF,-8.727884898340376,6.0,67.0,SAbDab,Antibody-Antigen,0.0,3.973705810133431e-07
3alz,A,B,-8.572446669392129,6.0,797.0,PDBbind v2020,,4.0,5.166424351751834e-07
6pxh,A,CD,-10.303368782521945,6.0,1723.0,PDBbind v2020,,6.0,2.7782844986249057e-08
1bp3,B,A,-14.29854043212463,6.0,1.0,SKEMPI v2.0,,9.0,3.2645363290159265e-11
1t44,G,A,-8.185026636551983,6.0,406.0,PDBbind v2020,,4.0,9.93834051803048e-07
1cse,I,E,-16.30291146867832,6.0,14.0,SKEMPI v2.0,,6.0,1.106286984240355e-12
3u9z,A,C,-7.929216287393336,6.0,2123.0,PDBbind v2020,,8.0,1.5308003206052606e-06
5czv,A,HL,-12.990836031129048,6.0,1242.0,SAbDab,Antibody-Antigen,7.0,2.9706944007049096e-10
5v69,A,B,-10.156125040833365,6.0,1524.0,PDBbind v2020,,5.0,3.5625539909233104e-08
4nso,A,B,-12.289509088855311,6.0,2656.0,PDBbind v2020,,7.0,9.709412607699581e-10
5tvq,A,B,-8.26076177109216,6.0,762.0,PDBbind v2020,,5.0,8.74523915634708e-07
4etp,A,B,-8.774073368240128,6.0,2505.0,PDBbind v2020,,8.0,3.675549586505774e-07
4nm3,A,B,-5.759324078517261,6.0,2654.0,PDBbind v2020,,4.0,5.973944451445575e-05
6mlk,A,HL,-10.757930619787729,6.0,2012.0,SAbDab,Antibody-Antigen,4.0,1.2894748041139751e-08
4v2c,C,D,-6.472620154818334,6.0,2595.0,PDBbind v2020,,6.0,1.7912176017536152e-05
6n85,B,M,-9.030524552489648,6.0,2020.0,PDBbind v2020,,7.0,2.383678299344229e-07
5tfw,O,HL,-14.71279839718368,6.0,962.0,SAbDab,Antibody-Antigen,4.0,1.6218678491681897e-11
5f5o,A,B,-9.26338341351248,6.0,2614.0,PDBbind v2020,,6.0,1.608699759715164e-07
3nfp,I,HL,-13.0532570776392,6.0,1145.0,SAbDab,Antibody-Antigen,2.0,2.6734988524027127e-10
3u9d,A,B,-8.595683058703784,6.0,2122.0,PDBbind v2020,,2.0,4.967628497289095e-07
2mlx,A,B,-7.363713792248378,6.0,1016.0,PDBbind v2020,,1.0,3.977804174502031e-06
1xg2,A,B,-11.32402527088778,6.0,475.0,PDBbind v2020,,5.0,4.9573973935764134e-09
6dc3,HL,F,-10.188340666609866,6.0,1359.0,PDBbind v2020,,9.0,3.3739244300130885e-08
6jcs,A,R,-8.924568489116869,6.0,1965.0,PDBbind v2020,,6.0,2.85071020203476e-07
3kj0,A,B,-11.866883532676171,6.0,1158.0,PDBbind v2020,,2.0,1.9821456902443536e-09
5xjm,A,HL,-12.777551697197577,6.0,1570.0,SAbDab,Antibody-Antigen,2.0,4.2586816191820617e-10
2a7u,A,B,-9.44118097464145,6.0,554.0,PDBbind v2020,,2.0,1.19146936319089e-07
1gng,A,X,-10.107055589996806,6.0,133.0,PDBbind v2020,,1.0,3.8703275082561166e-08
3laq,U,A,-13.327339300945663,6.0,703.0,PDBbind v2020,,5.0,1.6829654956102514e-10
2kwk,B,A,-7.691567974387599,6.0,2151.0,PDBbind v2020,,8.0,2.286670821536436e-06
6phd,HL,C,-11.73468169303958,6.0,1376.0,PDBbind v2020,,1.0,2.477929642281692e-09
6nmu,AB,C,-12.783088671927096,6.0,2569.0,PDBbind v2020,,6.0,4.219048323555395e-10
1yyl,G,HL,-11.456227110524368,6.0,1739.0,SAbDab,Antibody-Antigen,7.0,3.965521744781266e-09
5yoy,K,MP,-14.657646791370317,7.0,1604.0,SAbDab,Antibody-Antigen,7.0,1.7801730468117338e-11
5u52,B,Z,-10.324914865455204,7.0,68.0,PDBbind v2020,,7.0,2.6790164338800698e-08
4odx,X,BH,-11.849371361650965,7.0,958.0,SAbDab,Antibody-Antigen,1.0,2.041637077994226e-09
1wr1,B,A,-6.588589417844525,7.0,463.0,PDBbind v2020,,4.0,1.4726498594009334e-05
6thg,I,J,-11.456227110524368,7.0,859.0,PDBbind v2020,,6.0,3.965521744781266e-09
5w0k,A,HL,-9.770754902498371,7.0,967.0,SAbDab,Antibody-Antigen,5.0,6.82938998948722e-08
2rms,A,B,-9.37580504926906,7.0,1099.0,PDBbind v2020,,1.0,1.330539851249427e-07
2j1k,T,C,-12.22107324973156,7.0,712.0,SKEMPI v2.0,,0.0,1.0898883881156583e-09
5mtj,A,B,-8.827664862595682,7.0,2088.0,PDBbind v2020,,8.0,3.357528245802494e-07
4ft4,B,Q,-8.595683058703784,7.0,2512.0,PDBbind v2020,,2.0,4.967628497289095e-07
5e95,A,B,-10.646128203225835,7.0,540.0,PDBbind v2020,,8.0,1.5574203730936712e-08
2bym,B,A,-7.691567974387599,7.0,620.0,PDBbind v2020,,2.0,2.286670821536436e-06
3gty,X,S,-12.72485458265774,7.0,2236.0,PDBbind v2020,,3.0,4.655023411512635e-10
4c2b,A,B,-10.975789895246129,7.0,2462.0,PDBbind v2020,,2.0,8.925663742736219e-09
1ul1,X,A,-9.85183739679325,7.0,430.0,PDBbind v2020,,0.0,5.955498457208118e-08
4c2a,A,B,-10.931414466633672,7.0,2460.0,PDBbind v2020,,4.0,9.620204617029692e-09
1tzn,a,A,-13.327339300945663,7.0,410.0,PDBbind v2020,,1.0,1.6829654956102514e-10
2pon,B,A,-7.9856829924897506,7.0,1005.0,PDBbind v2020,,4.0,1.39157727632713e-06
5xv8,A,B,-9.748778414908513,7.0,1102.0,PDBbind v2020,,6.0,7.087595101679698e-08
5g1x,A,B,-6.707922120267159,7.0,2630.0,PDBbind v2020,,5.0,1.2038821995892088e-05
2bdn,A,HL,-12.409741794464564,7.0,1809.0,SKEMPI v2.0,,8.0,7.925331026407438e-10
1jgn,A,B,-8.806995836793355,7.0,203.0,PDBbind v2020,,8.0,3.476784734136333e-07
5bo1,A,IM,-12.417194118936148,7.0,1802.0,SAbDab,Antibody-Antigen,5.0,7.826220316127325e-10
5uwh,C,D,-8.422290365328864,7.0,221.0,PDBbind v2020,,1.0,6.657494424960805e-07
6e2p,A,C,-6.450017065389265,7.0,1909.0,PDBbind v2020,,6.0,1.8609078482310824e-05
5y11,C,AB,-10.349557252421697,7.0,1593.0,SAbDab,Antibody-Antigen,0.0,2.5698234665674195e-08
2fjh,W,AB,-11.486615924537224,7.0,2548.0,SAbDab,Antibody-Antigen,1.0,3.767159149825054e-09
2l9s,A,B,-7.717903509303767,7.0,776.0,PDBbind v2020,,9.0,2.187206824062108e-06
6ejm,A,Ii,-12.366895275045776,7.0,1263.0,SAbDab,Antibody-Antigen,0.0,8.520006701871072e-10
6gku,A,HL,-12.339961001338123,7.0,1363.0,PDBbind v2020,,8.0,8.916467557945685e-10
1pd7,A,B,-8.898322712853057,7.0,359.0,PDBbind v2020,,0.0,2.979895546870992e-07
3lev,A,HL,-12.580179608977248,7.0,932.0,SAbDab,Antibody-Antigen,4.0,5.943232781059083e-10
3lrh,H,G,-10.022275211305931,7.0,939.0,SAbDab,Antibody-Antigen,9.0,4.466048615570685e-08
6nmv,HL,S,-13.519065105604364,7.0,1373.0,PDBbind v2020,,9.0,1.2174986334032234e-10
2kwj,A,B,-8.595683058703784,7.0,2513.0,PDBbind v2020,,9.0,4.967628497289095e-07
6a3w,AB,C,-11.78408129266359,7.0,1350.0,PDBbind v2020,,9.0,2.27961017389569e-09
3thm,F,HL,-12.899509155069346,7.0,1321.0,PDBbind v2020,,5.0,3.466049322769179e-10
6a6i,E,F,-6.060320314182089,7.0,1657.0,PDBbind v2020,,3.0,3.59350581423722e-05
5h7y,A,B,-9.41699590300739,7.0,2428.0,PDBbind v2020,,4.0,1.241136602188607e-07
4noo,A,B,-11.333581155208762,7.0,2657.0,PDBbind v2020,,5.0,4.878043811147659e-09
6dkj,HL,C,-13.934557897338284,7.0,2541.0,PDBbind v2020,,6.0,6.036105909906417e-11
2k42,A,B,-10.171166942885352,7.0,738.0,PDBbind v2020,,5.0,3.473202574219313e-08
5ioh,A,B,-8.333749120313154,7.0,1298.0,PDBbind v2020,,7.0,7.731160026938914e-07
5yip,A,B,-11.502415580424122,7.0,1600.0,PDBbind v2020,,7.0,3.667979590270923e-09
2jy6,B,A,-6.410199108308183,7.0,731.0,PDBbind v2020,,2.0,1.9903356589030577e-05
1pjn,B,A,-10.44624572148776,7.0,360.0,PDBbind v2020,,1.0,2.182702151486411e-08
2wel,A,D,-8.487666290701254,7.0,588.0,PDBbind v2020,,9.0,5.961640784758384e-07
1uel,A,B,-7.459998454425873,7.0,427.0,PDBbind v2020,,1.0,3.3808875536083147e-06
4am0,T,CD,-12.791492387066816,7.0,1709.0,SAbDab,Antibody-Antigen,6.0,4.1595986929942984e-10
5b71,F,CD,-13.393645292417611,7.0,1168.0,SAbDab,Antibody-Antigen,3.0,1.50469375551398e-10
4kv5,CD,EG,-11.963168194853669,7.0,2207.0,PDBbind v2020,,0.0,1.684701257176493e-09
4l67,A,B,-8.860086737976966,7.0,2637.0,PDBbind v2020,,9.0,3.1786470896737197e-07
5ma4,B,A,-14.029131093760116,7.0,1452.0,PDBbind v2020,,3.0,5.1451651971318066e-11
6dsl,A,B,-12.688196376979777,7.0,1908.0,PDBbind v2020,,5.0,4.952289746254548e-10
5d1q,E,AB,-14.85044393806372,7.0,1245.0,SAbDab,Antibody-Antigen,0.0,1.2854932396720276e-11
5n88,D,A,-8.177374393270286,7.0,577.0,SAbDab,Antibody-Antigen,2.0,1.0067597159843555e-06
2psm,A,F,-14.355007137221046,7.0,834.0,PDBbind v2020,,4.0,2.9676336698223e-11
5xda,A,G,-7.906572054036771,7.0,1562.0,PDBbind v2020,,6.0,1.5904691060962128e-06
4qnp,AB,EFHL,-9.579586556656832,7.0,1819.0,PDBbind v2020,,2.0,9.431479334652475e-08
2roz,B,A,-8.860086737976966,7.0,2181.0,PDBbind v2020,,9.0,3.1786470896737197e-07
1yy9,A,CD,-12.11756184172041,7.0,1582.0,SKEMPI v2.0,,6.0,1.2980595179862887e-09
6b8n,A,B,-9.109635490942626,7.0,601.0,PDBbind v2020,,2.0,2.085593830604641e-07
4hep,G,A,-8.898322712853057,7.0,1191.0,PDBbind v2020,,5.0,2.979895546870992e-07
3ch5,A,B,-5.348667656365458,7.0,1264.0,PDBbind v2020,,9.0,0.0001195159707024
1oey,C,L,-11.456227110524368,7.0,318.0,PDBbind v2020,,8.0,3.965521744781266e-09
5f4e,B,A,-9.861794807380871,7.0,1404.0,SKEMPI v2.0,,6.0,5.856196085396585e-08
3ul1,B,A,-11.6890859715472,7.0,976.0,PDBbind v2020,,3.0,2.676256221206487e-09
5hpk,A,B,-10.931414466633672,7.0,2294.0,PDBbind v2020,,8.0,9.620204617029692e-09
2k2s,A,B,-9.925332634586926,8.0,734.0,PDBbind v2020,,7.0,5.2603981497429935e-08
2aw2,B,A,-9.082074615395763,8.0,560.0,SKEMPI v2.0,,5.0,2.184953326875916e-07
5ctr,A,C,-8.26076177109216,8.0,1236.0,PDBbind v2020,,6.0,8.74523915634708e-07
2ruk,A,B,-6.297020933813694,8.0,996.0,PDBbind v2020,,5.0,2.4095073754931665e-05
3oj2,A,C,-9.393759513695732,8.0,384.0,PDBbind v2020,,2.0,1.2908047308483356e-07
4rgo,S,HL,-11.05302301284415,8.0,1761.0,SAbDab,Antibody-Antigen,5.0,7.834292051685249e-09
5hdq,A,HL,-12.169523186825442,8.0,1720.0,SAbDab,Antibody-Antigen,6.0,1.1890154666018215e-09
5o0w,D,H,-13.821463974550667,8.0,1498.0,SAbDab,Antibody-Antigen,1.0,7.306291568983164e-11
1mhp,A,HL,-10.873284348229983,8.0,573.0,SKEMPI v2.0,,9.0,1.0612444442705444e-08
4bkx,A,B,-7.231511952611788,8.0,2449.0,PDBbind v2020,,0.0,4.9727519645517554e-06
5vkl,A,B,-9.476789663687562,8.0,1530.0,PDBbind v2020,,0.0,1.1219367944185476e-07
4w6w,A,B,-11.523605943152312,8.0,2384.0,SAbDab,Antibody-Antigen,6.0,3.539047962052743e-09
5kvf,E,HL,-10.224257844068964,8.0,1616.0,SAbDab,Antibody-Antigen,4.0,3.1753721034247224e-08
4cmm,A,B,-8.317228476188573,8.0,2573.0,PDBbind v2020,,3.0,7.949878192609152e-07
2n73,A,B,-8.860086737976966,8.0,1028.0,PDBbind v2020,,2.0,3.1786470896737197e-07
6fe4,A,F,-10.937553920370036,8.0,1824.0,SAbDab,Antibody-Antigen,3.0,9.520983079103564e-09
6d6t,B,IJ,-11.206215685154293,8.0,1699.0,SAbDab,Antibody-Antigen,9.0,6.048563258123999e-09
2k3u,A,B,-11.016664858823017,8.0,737.0,PDBbind v2020,,2.0,8.330362187100615e-09
2h4m,A,C,-10.06315017488282,8.0,678.0,PDBbind v2020,,6.0,4.1681832954081264e-08
5jsn,A,B,-8.317228476188573,8.0,1410.0,PDBbind v2020,,5.0,7.949878192609152e-07
6gd5,A,B,-11.486615924537224,8.0,1935.0,PDBbind v2020,,7.0,3.767159149825054e-09
5u4m,A,B,-12.8353978021808,8.0,1383.0,SAbDab,Antibody-Antigen,0.0,3.862356356194203e-10
5nwm,A,B,-10.092056004432374,8.0,1495.0,PDBbind v2020,,8.0,3.9696116683433593e-08
1pk1,A,B,-9.9142584433034,8.0,361.0,PDBbind v2020,,9.0,5.3596957960583375e-08
4wv1,C,AB,-11.711445303727924,8.0,386.0,SAbDab,Antibody-Antigen,2.0,2.577092077798918e-09
4g3y,C,HL,-10.995874936788509,8.0,1607.0,SAbDab,Antibody-Antigen,7.0,8.628010666969263e-09
6gho,A,B,-8.317228476188573,8.0,1936.0,PDBbind v2020,,4.0,7.949878192609152e-07
4fqj,A,HL,-12.339961001338123,8.0,1322.0,SAbDab,Antibody-Antigen,8.0,8.916467557945685e-10
6j5f,A,HL,-8.742884483904808,8.0,1979.0,PDBbind v2020,,8.0,3.874319251256869e-07
2zvk,A,U,-8.727884898340376,8.0,837.0,PDBbind v2020,,9.0,3.973705810133431e-07
3v3k,A,B,-10.111630531523732,8.0,304.0,PDBbind v2020,,6.0,3.84054248116014e-08
5szh,A,B,-7.20827556330013,8.0,963.0,PDBbind v2020,,8.0,5.171752851265403e-06
1zgu,A,B,-5.468653558395326,8.0,199.0,PDBbind v2020,,3.0,9.759586021839462e-05
2k3s,A,B,-7.59657265327121,8.0,581.0,PDBbind v2020,,0.0,2.6845454025720844e-06
5yir,A,G,-13.0532570776392,8.0,1601.0,PDBbind v2020,,1.0,2.6734988524027127e-10
4k3j,B,HL,-12.169523186825442,8.0,400.0,SAbDab,Antibody-Antigen,0.0,1.1890154666018215e-09
6h9n,A,B,-8.317228476188573,8.0,1950.0,PDBbind v2020,,0.0,7.949878192609152e-07
5e8e,H,AB,-11.929304579186322,8.0,169.0,SAbDab,Antibody-Antigen,5.0,1.7838469776311663e-09
5i5k,A,XY,-14.670960879400344,8.0,1169.0,SAbDab,Antibody-Antigen,9.0,1.7405961338512824e-11
1efn,B,A,-8.75827371235323,8.0,2146.0,SKEMPI v2.0,,4.0,3.774933833374514e-07
4ffy,HL,A,-10.565133473094324,8.0,2367.0,PDBbind v2020,,5.0,1.7856867854180257e-08
2mur,A,B,-6.866403857689412,8.0,1021.0,PDBbind v2020,,5.0,9.212077852699393e-06
1jh4,A,B,-7.944808028912861,8.0,204.0,PDBbind v2020,,2.0,1.4910217060864403e-06
2lz6,A,B,-6.712838762457455,8.0,997.0,PDBbind v2020,,8.0,1.1939283241450922e-05
1s4y,B,A,-11.135787757082298,8.0,307.0,PDBbind v2020,,1.0,6.812432965007247e-09
1tba,A,B,-12.277539954827974,8.0,414.0,PDBbind v2020,,3.0,9.90765349483909e-10
3zuv,A,B,-9.45618056020588,8.0,1456.0,PDBbind v2020,,6.0,1.161669462123126e-07
1p69,B,A,-9.711788396293423,8.0,225.0,SKEMPI v2.0,,0.0,7.54442975168416e-08
1tm1,I,E,-15.959396850952164,8.0,251.0,SKEMPI v2.0,,8.0,1.9760253373891777e-12
1clv,A,I,-12.277539954827974,8.0,52.0,PDBbind v2020,,0.0,9.90765349483909e-10
5nt1,A,J,-6.538709646385171,8.0,1488.0,PDBbind v2020,,3.0,1.6020646224657173e-05
2ly4,B,A,-8.813805704686079,8.0,995.0,PDBbind v2020,,2.0,3.437032364810887e-07
2mj5,B,A,-7.320867272829589,8.0,1014.0,PDBbind v2020,,9.0,4.276277938746341e-06
5k59,B,EF,-15.827195011315574,8.0,1422.0,SAbDab,Antibody-Antigen,1.0,2.4702784369057585e-12
4byf,C,D,-8.247447683062132,8.0,591.0,PDBbind v2020,,3.0,8.944084576130514e-07
5cmn,A,E,-9.082074615395763,8.0,2683.0,PDBbind v2020,,1.0,2.184953326875916e-07
1oqe,R,J,-9.49814159555117,8.0,681.0,PDBbind v2020,,2.0,1.082204756498303e-07
2btf,P,A,-7.691567974387599,8.0,617.0,SKEMPI v2.0,,2.0,2.286670821536436e-06
1q69,A,B,-8.247447683062132,8.0,367.0,PDBbind v2020,,8.0,8.944084576130514e-07
1dzb,X,Aa,-8.572446669392129,8.0,2212.0,SAbDab,Antibody-Antigen,1.0,5.166424351751834e-07
5oyl,A,D,-6.991293344972666,8.0,1517.0,PDBbind v2020,,3.0,7.460482064061939e-06
5l21,A,B,-11.502415580424122,8.0,1041.0,PDBbind v2020,,0.0,3.667979590270923e-09
3kls,A,X,-11.267558565791363,8.0,1165.0,PDBbind v2020,,7.0,5.453369818946753e-09
5xnp,B,E,-8.93540124631293,8.0,1592.0,PDBbind v2020,,4.0,2.7990367911501936e-07
6osw,B,A,-7.7743702144001805,8.0,2037.0,PDBbind v2020,,4.0,1.9882849996980894e-06
6fub,A,B,-10.282578860487432,8.0,1930.0,PDBbind v2020,,5.0,2.8775541509023426e-08
6atk,B,E,-8.685038378921586,8.0,1670.0,PDBbind v2020,,6.0,4.271872054402731e-07
6ejg,B,Dd,-12.402382047848276,8.0,1262.0,SAbDab,Antibody-Antigen,6.0,8.024442291336797e-10
2rmk,B,A,-9.234825982669673,8.0,1098.0,PDBbind v2020,,8.0,1.6881781527970416e-07
4h3p,A,B,-7.7743702144001805,9.0,2359.0,PDBbind v2020,,8.0,1.9882849996980894e-06
3qbt,B,A,-8.247447683062132,9.0,2165.0,PDBbind v2020,,6.0,8.944084576130514e-07
5nh3,B,IM,-12.293756074667389,9.0,1780.0,SAbDab,Antibody-Antigen,1.0,9.6400287232322e-10
5dju,A,B,-10.8357408947463,9.0,1066.0,PDBbind v2020,,8.0,1.1307037282954084e-08
2z3r,B,A,-14.21495813672122,9.0,835.0,PDBbind v2020,,7.0,3.7594004786633305e-11
3kuc,A,B,-8.668731331569623,9.0,139.0,PDBbind v2020,,0.0,4.39114119781509e-07
6ihb,R,A,-9.882226210806106,9.0,1964.0,PDBbind v2020,,6.0,5.657593615358674e-08
2k6d,A,B,-5.138837862739191,9.0,998.0,PDBbind v2020,,1.0,0.0001703372645167
2nz9,A,CD,-13.459541140582257,9.0,1036.0,SKEMPI v2.0,,9.0,1.3462379024136101e-10
1j7d,B,A,-7.7743702144001805,9.0,198.0,PDBbind v2020,,3.0,1.9882849996980894e-06
1xj7,A,B,-6.014542271720815,9.0,476.0,PDBbind v2020,,8.0,3.882315092406677e-05
5vyf,C,AB,-13.270872595849251,9.0,1536.0,SAbDab,Antibody-Antigen,4.0,1.8513410387438164e-10
6g04,A,B,-8.396339414641552,9.0,1932.0,PDBbind v2020,,0.0,6.95572759005497e-07
2lww,A,B,-9.882226210806106,9.0,379.0,PDBbind v2020,,4.0,5.657593615358674e-08
6q69,A,B,-9.234825982669673,9.0,2049.0,PDBbind v2020,,2.0,1.6881781527970416e-07
2n2h,A,B,-8.22802128748392,9.0,1027.0,PDBbind v2020,,9.0,9.242356401814928e-07
3etb,M,Ii,-14.263680261161344,9.0,411.0,SAbDab,Antibody-Antigen,4.0,3.462478223634818e-11
5w3x,A,B,-7.465249171073118,9.0,1540.0,PDBbind v2020,,5.0,3.3510428968237035e-06
4f9p,B,Dd,-10.673150241096856,9.0,2510.0,SAbDab,Antibody-Antigen,9.0,1.4879508649957357e-08
4zk9,A,B,-13.123037870765636,9.0,2694.0,PDBbind v2020,,2.0,2.3763181177203577e-10
4kvg,A,B,-8.396339414641552,9.0,550.0,PDBbind v2020,,1.0,6.95572759005497e-07
2px9,A,B,-5.536472838004852,9.0,1085.0,PDBbind v2020,,1.0,8.703511282352196e-05
5jw7,A,B,-6.877381483717231,9.0,1419.0,PDBbind v2020,,0.0,9.042882619468524e-06
3b2u,E,FG,-12.277539954827974,9.0,1583.0,SAbDab,Antibody-Antigen,6.0,9.90765349483909e-10
6f2g,A,B,-11.471226696088802,9.0,1793.0,PDBbind v2020,,5.0,3.866339877981026e-09
5nmv,K,HL,-12.277539954827974,9.0,1485.0,SAbDab,Antibody-Antigen,8.0,9.90765349483909e-10
5aam,J,Bb,-11.486615924537224,9.0,2211.0,SAbDab,Antibody-Antigen,0.0,3.767159149825054e-09
2l2l,A,B,-10.785925685155233,9.0,775.0,PDBbind v2020,,3.0,1.229934563407772e-08
4ovn,A,F,-10.00925376441979,9.0,595.0,PDBbind v2020,,9.0,4.5653390616585e-08
6jep,HL,E,-12.243018424619118,9.0,1371.0,PDBbind v2020,,6.0,1.0502386669175906e-09
5ivn,B,A,-12.078196310765742,9.0,1308.0,SAbDab,Antibody-Antigen,3.0,1.3872804458780415e-09
2mfq,A,B,-7.20827556330013,9.0,480.0,PDBbind v2020,,2.0,5.171752851265403e-06
3znz,A,B,-9.150510454519514,9.0,2259.0,PDBbind v2020,,0.0,1.9464941190797304e-07
4ekc,A,B,-10.44624572148776,9.0,1109.0,PDBbind v2020,,8.0,2.182702151486411e-08
4idj,A,HL,-16.05568151312966,9.0,1778.0,SAbDab,Antibody-Antigen,4.0,1.6794993357434586e-12
5jg6,A,B,-7.906572054036771,9.0,1396.0,PDBbind v2020,,6.0,1.5904691060962128e-06
3mj7,A,B,-7.231511952611788,9.0,952.0,PDBbind v2020,,7.0,4.9727519645517554e-06
4ij3,A,BC,-12.339961001338123,9.0,1715.0,PDBbind v2020,,0.0,8.916467557945685e-10
3lnz,B,A,-12.700165511007114,9.0,1520.0,SKEMPI v2.0,,3.0,4.853200056331402e-10
2m0g,A,B,-9.65249375273102,9.0,999.0,PDBbind v2020,,0.0,8.338953879892244e-08
2mro,A,B,-5.216465816728867,9.0,1019.0,PDBbind v2020,,4.0,0.0001494098884795
2p46,A,B,-9.46126601618383,9.0,508.0,SAbDab,Antibody-Antigen,6.0,1.1517362373575899e-07
2kbw,A,B,-8.860086737976966,9.0,745.0,PDBbind v2020,,0.0,3.1786470896737197e-07
3sua,A,D,-6.4437143252687825,9.0,2351.0,PDBbind v2020,,0.0,1.880819563689523e-05
6pdx,B,MN,-15.021489707461711,9.0,1375.0,PDBbind v2020,,1.0,9.63006611025032e-12
6h3t,IM,A,-11.278429549395398,9.0,1949.0,PDBbind v2020,,8.0,5.3541736573824665e-09
5dcq,C,F,-9.200962367002328,9.0,1258.0,PDBbind v2020,,3.0,1.7875284907290137e-07
5fvk,A,C,-7.836791260910331,9.0,1116.0,PDBbind v2020,,5.0,1.7893720955211837e-06
1q5w,B,A,-5.319761826815906,9.0,874.0,PDBbind v2020,,8.0,0.0001254945103545
5jw9,A,B,-9.63855306286178,9.0,1420.0,PDBbind v2020,,4.0,8.537590338057364e-08
5jsb,A,B,-9.308979135004858,9.0,1407.0,PDBbind v2020,,4.0,1.4894854941551934e-07
5e7f,H,B,-10.969243397877298,9.0,1281.0,SAbDab,Antibody-Antigen,4.0,9.024882429198308e-09
1p27,A,B,-12.488852732917543,9.0,352.0,PDBbind v2020,,1.0,6.934250103599195e-10
2luh,A,B,-8.396339414641552,9.0,991.0,PDBbind v2020,,9.0,6.95572759005497e-07
6m7l,B,A,-6.797619141148329,9.0,2010.0,PDBbind v2020,,4.0,1.03467159307544e-05
2pop,A,B,-7.334807962698827,9.0,1082.0,PDBbind v2020,,4.0,4.176785614771085e-06
4zv4,A,C,-10.419910186571592,9.0,2698.0,PDBbind v2020,,4.0,2.2819612973953675e-08
3lb6,C,A,-18.827393227244333,9.0,923.0,SKEMPI v2.0,,9.0,1.5576805369619723e-14
1rkc,A,B,-10.107055589996806,9.0,381.0,PDBbind v2020,,6.0,3.8703275082561166e-08
2k2u,A,B,-8.790305944850525,9.0,735.0,PDBbind v2020,,9.0,3.576166542292914e-07
5xj3,GH,I,-10.558586975725497,9.0,1566.0,PDBbind v2020,,2.0,1.80553668144688e-08
4k24,U,HL,-8.550087337211405,9.0,317.0,SAbDab,Antibody-Antigen,5.0,5.365223630107102e-07
4zs6,A,HL,-8.8750863235414,9.0,2565.0,SKEMPI v2.0,,7.0,3.099145785042644e-07
3zo0,B,A,-8.675471472340648,9.0,1706.0,PDBbind v2020,,9.0,4.341445542927153e-07
2kso,B,A,-7.20827556330013,9.0,764.0,SKEMPI v2.0,,0.0,5.171752851265403e-06
4g6u,A,B,-10.571753117198693,9.0,2519.0,PDBbind v2020,,0.0,1.7658369881304728e-08
2lp0,A,B,-6.348370810205405,9.0,790.0,PDBbind v2020,,4.0,2.209375802578221e-05
1zc4,A,D,-10.06315017488282,9.0,518.0,PDBbind v2020,,0.0,4.1681832954081264e-08
2lxm,A,B,-13.773912900556562,9.0,994.0,PDBbind v2020,,7.0,7.917165492644805e-11
2k5b,A,B,-7.363713792248378,9.0,432.0,PDBbind v2020,,4.0,3.977804174502031e-06
5tp6,A,B,-11.897272346689023,9.0,600.0,PDBbind v2020,,2.0,1.8829951652937456e-09
